last_name,first_name,pitcher_id,avg_speed,pitch_type_name,pitcher_break_z,pitcher_break_x
Rodón,Carlos,607074,95.5,4-Seamer,12,6
Burnes,Corbin,669203,95.1,Cutter,18.6,4.4
Cole,Gerrit,543037,97.8,4-Seamer,10.5,10.4
Gilbert,Logan,669302,96.1,4-Seamer,11.9,6.4
Pivetta,Nick,601713,93.4,4-Seamer,10.9,5.1
McKenzie,Triston,663474,92.5,4-Seamer,11.6,3
Javier,Cristian,664299,93.8,4-Seamer,12.2,7.3
Strider,Spencer,675911,98.2,4-Seamer,10.7,5.1
Manaea,Sean,640455,91.2,Sinker,20.7,13.2
Valdez,Framber,664285,93.9,Sinker,24.2,14.4
Ryan,Joe,657746,92,4-Seamer,17.5,10.7
Gallen,Zac,668678,94.1,4-Seamer,13.5,3.4
Urquidy,José,664353,93.5,4-Seamer,11.7,7.7
Gausman,Kevin,592332,95,4-Seamer,13.1,10.5
Cease,Dylan,656302,87.4,Slider,35,4
Quantrill,Cal,615698,93.6,Sinker,16.3,12
Verlander,Justin,434378,95,4-Seamer,11.4,9.5
Giolito,Lucas,608337,92.6,4-Seamer,13.9,5.4
Snell,Blake,605483,95.8,4-Seamer,11.2,5.2
Singer,Brady,663903,93.8,Sinker,20.6,14.9
Urías,Julio,628711,93.1,4-Seamer,14.8,2.8
Cease,Dylan,656302,96.8,4-Seamer,10.3,3
Kopech,Michael,656629,94.9,4-Seamer,11.9,9.9
Davies,Zach,605200,89.6,Sinker,21.7,14.8
Ray,Robbie,592662,93.4,4-Seamer,13.4,6.7
Greene,Hunter,668881,98.9,4-Seamer,12.1,11.7
Lauer,Eric,641778,93.3,4-Seamer,14.6,9.8
Steele,Justin,657006,92.2,4-Seamer,19.4,1.5
Bubic,Kris,663460,91.9,4-Seamer,15.9,7.7
Corbin,Patrick,571578,92.9,Sinker,20,14.3
López,Pablo,641154,93.5,4-Seamer,18,4.5
Ray,Robbie,592662,87.2,Slider,28.3,1.5
Morton,Charlie,450203,81.3,Curveball,51.1,15.5
Kaprielian,James,621076,94,4-Seamer,15.5,7.6
Mahle,Tyler,641816,93.2,4-Seamer,13.5,10.2
Cortes,Nestor,641482,91.8,4-Seamer,12.8,4.1
Manoah,Alek,666201,93.9,4-Seamer,14.3,5.5
Lynch,Daniel,663738,94,4-Seamer,15.3,6.9
Quantrill,Cal,615698,88.5,Cutter,27.8,2.7
Pérez,Martín,527048,92.6,Sinker,21.8,16.4
Darvish,Yu,506433,86.5,Cutter,35.3,5.2
Gray,Jon,592351,95.9,4-Seamer,17.2,11.4
Garcia,Luis,677651,94,4-Seamer,13.1,7.5
Gonzales,Marco,594835,88.4,4-Seamer,20.3,12.2
Suárez,Ranger,624133,92.5,Sinker,25.7,16
Cobb,Alex,502171,89.6,Splitter,32.2,13
Ohtani,Shohei,660271,85.3,Slider,33.2,13.7
López,Pablo,641154,87.5,Changeup,32.4,17.3
Rogers,Trevor,669432,94.6,4-Seamer,16.7,12.6
Dunning,Dane,641540,89.5,Sinker,28.8,15.6
Wood,Alex,622072,92.4,Sinker,21.6,15.6
Cobb,Alex,502171,94.8,Sinker,21.4,15.8
Gray,Josiah,680686,94.4,4-Seamer,13,10
Nola,Aaron,605400,92.8,4-Seamer,16.6,13.1
Kuhl,Chad,641771,92.8,Sinker,21.8,14.4
Taillon,Jameson,592791,94.1,4-Seamer,13.2,5.7
Brubaker,JT,664141,93.1,Sinker,21.7,16.1
Wainwright,Adam,425794,72.8,Curveball,67.5,16.1
Bieber,Shane,669456,91.3,4-Seamer,15.3,8.5
Webb,Logan,657277,91.8,Sinker,34.8,14.8
Bumgarner,Madison,518516,87.4,Cutter,27.7,2.9
Wheeler,Zack,554430,95.9,4-Seamer,13.6,9.2
Webb,Logan,657277,82.5,Slider,39.4,10.2
Scherzer,Max,453286,94,4-Seamer,15,11.1
Quintana,José,500779,91.2,4-Seamer,17.7,2.4
Anderson,Tyler,542881,90.7,4-Seamer,15.3,7.5
Woodruff,Brandon,605540,96.3,4-Seamer,12.1,6
Fedde,Erick,607200,92.5,Sinker,22.1,8.8
Gausman,Kevin,592332,85.2,Splitter,33.1,15.2
Bassitt,Chris,605135,92.8,Sinker,22.5,16.1
Morton,Charlie,450203,94.9,4-Seamer,17.8,10.5
Detmers,Reid,672282,93.2,4-Seamer,14.7,10.1
Anderson,Ian,666120,94,4-Seamer,14.3,5.9
Kirby,George,669923,95.3,4-Seamer,15.1,8.8
Lyles,Jordan,543475,91.8,4-Seamer,15.5,5.8
Pallante,Andre,669467,95.2,4-Seamer,21,3.6
Irvin,Cole,608344,90.7,4-Seamer,17.1,9.8
Montgomery,Jordan,656756,93,Sinker,21.9,16.9
Webb,Logan,657277,86.4,Changeup,42,7.1
Kikuchi,Yusei,579328,94.9,4-Seamer,13.6,11.5
Rodón,Carlos,607074,85.4,Slider,38.6,8.1
Odorizzi,Jake,543606,92.1,4-Seamer,15,9.8
Lynn,Lance,458681,93,4-Seamer,18.3,3.7
Wright,Kyle,657140,84.7,Curveball,46.6,9
Plesac,Zach,668676,91.9,4-Seamer,13.5,7.4
Fried,Max,608331,94,4-Seamer,18.5,1.7
Junis,Jakob,596001,83.1,Slider,38.9,13.3
Singer,Brady,663903,85.5,Slider,36.8,3.6
Bumgarner,Madison,518516,91.2,4-Seamer,17.8,8
Greene,Hunter,668881,88.1,Slider,32,4.6
Espino,Paolo,502179,88.5,4-Seamer,15.9,2.8
Alcantara,Sandy,645261,91.8,Changeup,28.8,16.8
Kelly,Merrill,518876,92.6,4-Seamer,16.6,8.1
Bradish,Kyle,680694,94.6,4-Seamer,14.4,1.3
Keller,Mitch,656605,95.5,4-Seamer,15.2,7.3
Houser,Adrian,605288,93.8,Sinker,22.6,16.2
McClanahan,Shane,663556,96.7,4-Seamer,11.7,10.8
Stroman,Marcus,573186,92,Sinker,29,9
Urías,Julio,628711,80.9,Curveball,42.7,16.3
Flexen,Chris,623167,91.7,4-Seamer,13.7,2.3
Kuhl,Chad,641771,86.5,Slider,34.4,3
Wainwright,Adam,425794,88.6,Sinker,22.7,13
Springs,Jeffrey,605488,91.4,4-Seamer,15.3,11.4
Greinke,Zack,425844,89.1,4-Seamer,18.4,2
Gonzales,Marco,594835,79.4,Changeup,36.7,17.3
Bundy,Dylan,605164,89,4-Seamer,15.3,4.5
Mikolas,Miles,571945,93.5,4-Seamer,16.3,4.9
Hearn,Taylor,621368,94.8,4-Seamer,13.8,7.7
Carrasco,Carlos,471911,93.2,4-Seamer,17.5,7.5
Márquez,Germán,608566,95.6,4-Seamer,16.6,8.9
Valdez,Framber,664285,79.1,Curveball,60.5,11.7
Ashcraft,Graham,668933,97.3,Cutter,19.3,0.6
Ureña,José,570632,95.6,Sinker,22.4,14.5
Berríos,José,621244,82.9,Curveball,44.3,15.8
Kluber,Corey,446372,86.3,Cutter,28.1,2.9
Thompson,Keegan,624522,93.6,4-Seamer,13.9,4.4
Gomber,Austin,596295,91,4-Seamer,15.6,6.3
Burke,Brock,656271,95,4-Seamer,14,10.3
Pivetta,Nick,601713,77.2,Curveball,65.3,7.9
Finnegan,Kyle,640448,97,Sinker,13.8,11.6
Bieber,Shane,669456,85,Slider,35.1,2.8
Castillo,Luis,622491,97.1,4-Seamer,15.4,11.4
Pérez,Martín,527048,84.4,Changeup,29.6,14.2
Keller,Brad,641745,86.9,Slider,38.5,5.7
Senzatela,Antonio,622608,94.2,4-Seamer,19.6,3.3
Heasley,Jonathan,669169,93.4,4-Seamer,12.5,8.2
Alcantara,Sandy,645261,98,4-Seamer,14.9,12
Anderson,Tyler,542881,79,Changeup,34.8,13.3
Nola,Aaron,605400,78.6,Curveball,55.7,14.4
Wood,Alex,622072,84.5,Slider,41.1,3.1
Alcantara,Sandy,645261,97.8,Sinker,21.3,17.7
Keller,Brad,641745,94.5,4-Seamer,17.3,2.4
Mikolas,Miles,571945,87.7,Slider,31.1,3.9
Manoah,Alek,666201,81.5,Slider,41,14.5
Hudson,Dakota,641712,91.9,Sinker,26.3,12.5
Rasmussen,Drew,656876,95.5,4-Seamer,13.5,2.3
Archer,Chris,502042,88.7,Slider,30.5,5.2
Scott,Tanner,656945,89.2,Slider,35.1,5.2
Gonsolin,Tony,664062,93.1,4-Seamer,14.2,8.5
Wainwright,Adam,425794,84.3,Cutter,32.1,6.3
Adon,Joan,672851,95,4-Seamer,15.4,10.7
Kershaw,Clayton,477132,86.6,Slider,29.8,5.4
Holmes,Clay,605280,97,Sinker,23.9,16.8
Severino,Luis,622663,96.3,4-Seamer,12.2,7.6
Corbin,Patrick,571578,81.7,Slider,39.6,2.9
Contreras,Roansy,672710,95.6,4-Seamer,12.3,7.4
Gibson,Kyle,502043,91.6,Sinker,25.4,14.5
Heaney,Andrew,571760,93,4-Seamer,17.5,14.8
White,Mitch,669952,93.7,4-Seamer,15.2,3.9
Quintana,José,500779,78.4,Curveball,51.2,7.9
Gray,Josiah,680686,85.8,Slider,31.6,1.6
Gore,MacKenzie,669022,94.7,4-Seamer,13,5.2
Manoah,Alek,666201,93.3,Sinker,21.1,14.7
Davies,Zach,605200,79.7,Changeup,34.6,14
Berríos,José,621244,94,4-Seamer,16.6,10.6
Poche,Colin,621363,93.2,4-Seamer,10.7,0.9
Darvish,Yu,506433,95,4-Seamer,13.5,7.1
Springs,Jeffrey,605488,81.1,Changeup,34.1,13.7
Gray,Jon,592351,84.9,Slider,32.5,10
Williams,Trevor,592866,91.2,4-Seamer,19.9,6.9
Peralta,Freddy,642547,92.6,4-Seamer,16,8.8
Lynch,Daniel,663738,85.9,Slider,33.8,0.4
Smyly,Drew,592767,78.7,Curveball,44.2,2.6
Verlander,Justin,434378,87.4,Slider,31,4
Cole,Gerrit,543037,88.7,Slider,34.2,5
Brubaker,JT,664141,86.7,Slider,34.3,0.9
Shaw,Bryan,543766,92.9,Cutter,23,4.6
Kimbrel,Craig,518886,95.8,4-Seamer,15.4,10.4
Walker,Taijuan,592836,93.7,4-Seamer,14,10.1
Rasmussen,Drew,656876,90.3,Cutter,29.3,1.4
Kershaw,Clayton,477132,90.7,4-Seamer,14.7,0.5
Cortes,Nestor,641482,86.9,Cutter,27.4,4.7
Gilbert,Logan,669302,86.9,Slider,31.6,6.1
Hill,Rich,448179,71.8,Curveball,67.7,17.8
Garcia,Luis,677651,85.3,Cutter,32.2,5.1
Voth,Austin,608723,93.5,4-Seamer,13.9,7.2
Hutchison,Drew,571800,92.4,4-Seamer,15.2,3.7
Ohtani,Shohei,660271,97.3,4-Seamer,14.5,3.4
Pérez,Martín,527048,89.8,Cutter,21.6,1.1
Minor,Mike,501985,90.4,4-Seamer,19.2,3.9
Estévez,Carlos,608032,97.5,4-Seamer,14.1,10
Peterson,David,656849,93.7,4-Seamer,17.5,9
Lyles,Jordan,543475,80,Slider,44.2,16.8
Alcantara,Sandy,645261,90,Slider,30.5,0.3
Flexen,Chris,623167,87.4,Cutter,28.4,6.6
Sandoval,Patrick,663776,86.3,Slider,35.6,6.6
Dunning,Dane,641540,78.7,Slider,48.6,7.5
Hill,Rich,448179,88.5,4-Seamer,16.4,8.2
Clevinger,Mike,605182,93.6,4-Seamer,14.2,8.7
Javier,Cristian,664299,79.8,Slider,40.2,15.1
Kennedy,Ian,453178,93.4,4-Seamer,14.1,10.4
Chavez,Jesse,445926,89.1,Cutter,21.5,1.9
Berríos,José,621244,93.9,Sinker,20.8,16.6
Giolito,Lucas,608337,81,Changeup,30.5,11.3
Mikolas,Miles,571945,93,Sinker,19.5,13.3
Suter,Brent,608718,86.4,4-Seamer,23.7,3.8
Fedde,Erick,607200,78.4,Curveball,46.9,14.7
Thompson,Zach,605507,86.8,Cutter,32.1,3.4
Whitlock,Garrett,676477,95.3,Sinker,17.2,15.3
Musgrove,Joe,605397,82.9,Slider,41.8,12.8
Walker,Taijuan,592836,88.8,Splitter,32.6,10.8
Márquez,Germán,608566,95.1,Sinker,21,14.3
EdwardsJr.,Carl,605218,94.6,4-Seamer,14.2,1.7
Wells,Tyler,669330,93.5,4-Seamer,11.5,5.8
Hicks,Jordan,663855,99.4,Sinker,19.7,15.8
Wisler,Matt,605538,79.8,Slider,43.7,8.1
Stripling,Ross,548389,91.9,4-Seamer,13.7,5.2
Musgrove,Joe,605397,92.9,4-Seamer,18.3,4.1
Coleman,Dylan,669395,97.5,4-Seamer,15.2,4.8
Colomé,Alex,517008,90.8,Cutter,26.5,1.8
Bickford,Phil,641360,94.1,4-Seamer,15.2,4.8
Kelly,Merrill,518876,88.6,Changeup,32.3,16.6
Kluber,Corey,446372,80.7,Curveball,41,16.5
Fedde,Erick,607200,89.2,Cutter,26.7,1.8
Eovaldi,Nathan,543135,95.7,4-Seamer,15.5,12.3
Díaz,Alexis,664747,95.7,4-Seamer,15.6,6.6
Anderson,Ian,666120,88.2,Changeup,25.3,10.4
Mikolas,Miles,571945,76,Curveball,63.3,8.7
Montas,Frankie,593423,96.1,4-Seamer,12.8,6.3
Baker,Bryan,641329,96.2,4-Seamer,11.8,2.4
Muñoz,Andrés,662253,88.6,Slider,29.7,4.3
Fulmer,Michael,605242,90.3,Slider,26.7,4.2
Freeland,Kyle,607536,90.3,4-Seamer,20,5.9
Okert,Steven,595345,82,Slider,35.9,10.2
Alexander,Jason,669920,92.4,Sinker,30.9,16.4
Pilkington,Konnor,663455,92.1,4-Seamer,16,9.4
Kluber,Corey,446372,88.9,Sinker,26.1,16.3
Hader,Josh,623352,97.4,Sinker,11.3,8.5
Hutchison,Drew,571800,86,Slider,37.2,4.5
Giolito,Lucas,608337,84.4,Slider,37.2,3.5
Kremer,Dean,665152,93.5,4-Seamer,14.9,8.9
Wright,Kyle,657140,94.4,Sinker,25.9,16.6
Gallen,Zac,668678,81.6,Curveball,53.5,6.7
Strider,Spencer,675911,86.3,Slider,35.6,5.2
Jansen,Kenley,445276,92.2,Cutter,15.8,8.4
Wacha,Michael,608379,93,4-Seamer,12.4,6.7
Akin,Keegan,669211,93.5,4-Seamer,13.6,10.7
Syndergaard,Noah,592789,93.6,Sinker,20.8,14.1
Gray,Josiah,680686,82.7,Curveball,45.4,2
Freeland,Kyle,607536,85.5,Slider,32.7,1.4
Ashby,Aaron,676879,95.7,Sinker,20.1,15.4
Archer,Chris,502042,93,4-Seamer,13.1,6.4
Smyly,Drew,592767,92.6,Sinker,14.8,8
Wheeler,Zack,554430,90.6,Slider,26.8,2.3
Ray,Robbie,592662,93.3,Sinker,18.8,15.4
Wick,Rowan,592858,94.9,4-Seamer,12.7,2.8
Steele,Justin,657006,82.1,Slider,43.3,14.1
Bubic,Kris,663460,80.7,Changeup,33.2,14.3
Márquez,Germán,608566,86.5,Curveball,38.3,1.1
McClanahan,Shane,663556,87.7,Changeup,25.4,16
Freeland,Kyle,607536,89.6,Sinker,27.5,13
Watkins,Spenser,657093,91.4,4-Seamer,16.2,1.2
McKenzie,Triston,663474,87.3,Slider,25.6,5.3
Rogers,Taylor,573124,80.9,Slider,40.4,14.1
Williams,Devin,642207,83.4,Changeup,42.7,19
McKenzie,Triston,663474,79.4,Curveball,51.3,7.9
Otto,Glenn,657248,81.1,Slider,42.4,16.5
Sears,JP,676664,93.2,4-Seamer,17.9,12.1
Suarez,José,660761,92.7,4-Seamer,16.4,9.5
Manaea,Sean,640455,84.9,Changeup,31.2,13
Fried,Max,608331,74.3,Curveball,66.8,9.5
Bautista,Félix,642585,99.1,4-Seamer,8.2,7.3
Pivetta,Nick,601713,85.8,Slider,33.6,5.8
Vest,Will,676684,95.1,4-Seamer,14.8,9.3
Montgomery,Jordan,656756,80.2,Curveball,47.7,2.9
Blackburn,Paul,621112,91.7,Sinker,22.5,12.8
Sandoval,Patrick,663776,83.7,Changeup,30.6,14.3
Mayza,Tim,641835,93.7,Sinker,22.4,17.1
Hudson,Dakota,641712,87.8,Slider,30.7,0.4
Burnes,Corbin,669203,81.6,Curveball,47.5,9.8
Montgomery,Jordan,656756,82.3,Changeup,28.5,10.9
Kremer,Dean,665152,88,Cutter,27.1,4.7
Vesia,Alex,681911,94.1,4-Seamer,11.4,5
Boxberger,Brad,502202,92.7,4-Seamer,14.5,6
Keller,Mitch,656605,84.3,Slider,40.4,13.9
Jiménez,Joe,641729,95.7,4-Seamer,11.6,10.4
Irvin,Cole,608344,90.3,Sinker,21.5,14.3
Gibson,Kyle,502043,89.4,Cutter,24.8,0.8
Castillo,Luis,622491,96.9,Sinker,23.3,17.8
Keller,Mitch,656605,94.4,Sinker,19.7,14.8
Brieske,Beau,689225,94.3,4-Seamer,13.3,7.3
Montas,Frankie,593423,86.4,Splitter,33.4,12.1
Wilson,Bryse,669060,92.1,Sinker,24.3,16.2
Skubal,Tarik,669373,89.3,Slider,25.9,1.1
Márquez,Germán,608566,87.7,Slider,31.1,0.3
Bradish,Kyle,680694,86.9,Slider,37.4,10.8
Carrasco,Carlos,471911,87.4,Changeup,34.6,8.2
Feltner,Ryan,663372,94.5,4-Seamer,17,6.6
Brebbia,John,605154,84,Slider,35.4,5.9
Carrasco,Carlos,471911,84.9,Slider,35.6,2.3
Quijada,José,650671,94.5,4-Seamer,15.2,6
López,Jorge,605347,97.7,Sinker,20.6,17.2
Foley,Jason,671345,96.3,Sinker,23.8,17.2
Gilbreath,Lucas,656458,93.8,4-Seamer,15.1,0.6
Otto,Glenn,657248,92.2,Sinker,22.4,13.9
Pagán,Emilio,641941,95.6,4-Seamer,11.6,4.9
Wacha,Michael,608379,84.3,Changeup,26.2,12.5
Rogers,Tyler,643511,83.2,4-Seamer,53.2,1.5
Junis,Jakob,596001,91.9,Sinker,24.1,12.9
McClanahan,Shane,663556,82,Curveball,52.1,7.6
Gibson,Kyle,502043,83.3,Slider,40.2,5.1
Hendriks,Liam,521230,97.6,4-Seamer,10.1,6
Stroman,Marcus,573186,84.7,Slider,38.3,13.4
Nola,Aaron,605400,92.2,Sinker,22.6,17
Snell,Blake,605483,88.9,Slider,29.9,4.1
Rogers,Trevor,669432,85.7,Changeup,35.6,14.6
Darvish,Yu,506433,82.3,Slider,42.6,15
Anderson,Tyler,542881,85.7,Cutter,27.2,2.5
Kikuchi,Yusei,579328,86.5,Slider,34.5,3.1
Velasquez,Vince,592826,93.2,4-Seamer,13.1,5.1
Smith,Caleb,592761,91.9,4-Seamer,13.9,10.9
Cueto,Johnny,456501,91.4,Sinker,23.5,16.8
Kelly,Merrill,518876,90.9,Cutter,20.1,1.6
Moore,Matt,519043,93.9,4-Seamer,13.2,9.1
Jax,Griffin,643377,86.4,Slider,38.8,11.4
Sandoval,Patrick,663776,93.1,4-Seamer,15.1,4
Ramirez,Erasmo,541640,89.2,Cutter,25.3,1.6
Castillo,Luis,622491,88.4,Changeup,32.3,17.3
Detmers,Reid,672282,85.9,Slider,37.9,3.1
Melancon,Mark,453343,90.9,Cutter,23.6,1
Knebel,Corey,608349,95.6,4-Seamer,12.5,3.8
Gonzales,Marco,594835,86.1,Cutter,25.2,2.3
Gonsolin,Tony,664062,83.5,Splitter,36.8,12.4
Voth,Austin,608723,77.5,Curveball,57.2,16
Stripling,Ross,548389,82.6,Changeup,29.7,10.9
Minter,A.J.,621345,96.6,4-Seamer,12,6.5
Musgrove,Joe,605397,90.1,Cutter,24.5,1.6
Morgan,Eli,669212,92.1,4-Seamer,15.1,10.9
Peterson,David,656849,84.4,Slider,37.7,3.9
Clase,Emmanuel,661403,99.5,Cutter,16.5,3.2
Bass,Anthony,542914,86.6,Slider,38,4.7
Suárez,Ranger,624133,84.9,Changeup,32.2,14.8
Helsley,Ryan,664854,99.6,4-Seamer,9.5,2.8
Ashby,Aaron,676879,83.5,Slider,42.3,9.4
Matzek,Tyler,554431,94.1,4-Seamer,13.4,3.8
DeJong,Chase,608328,92.8,4-Seamer,13.2,1.2
Woodruff,Brandon,605540,95.8,Sinker,15.9,14
Civale,Aaron,650644,86.3,Cutter,32.3,6.6
Tate,Dillon,622253,94,Sinker,25.2,17.2
Contreras,Roansy,672710,83.8,Slider,40.3,4.3
López,Reynaldo,625643,97.1,4-Seamer,12.1,7.2
Musgrove,Joe,605397,81.3,Curveball,55.5,9.6
Irvin,Cole,608344,77.5,Curveball,49.6,8.2
Kopech,Michael,656629,84.3,Slider,40.2,4.7
Lodolo,Nick,666157,94.4,4-Seamer,20.5,16.8
Strickland,Hunter,519326,95,4-Seamer,16.9,5
Robertson,David,502085,93,Cutter,14.5,0.7
Keller,Brad,641745,93.4,Sinker,23.5,10.4
Barlow,Scott,605130,84.1,Slider,39.4,8.1
Springs,Jeffrey,605488,85.4,Slider,32.4,4.5
Díaz,Edwin,621242,90.8,Slider,28.8,1.5
Rodriguez,Eduardo,593958,91.7,4-Seamer,18,6.9
Rogers,Tyler,643511,72.1,Slider,39.3,13.9
Crismatt,Nabil,622503,82.7,Changeup,38.8,13.1
Quintana,José,500779,86.4,Changeup,30.8,11.7
Luetge,Lucas,476595,87.6,Cutter,29.1,5.1
Ruiz,José,614179,96.9,4-Seamer,12,7.1
Castillo,Diego,650895,88.4,Slider,28.8,0.2
Gray,Sonny,543243,92.1,4-Seamer,16.8,1.5
Barría,Jaime,642545,85.3,Slider,32,4
Castillo,Luis,622491,86.5,Slider,36,1.1
Sampson,Adrian,592716,92.4,4-Seamer,17.4,10.1
Taillon,Jameson,592791,86.2,Slider,32.6,6.2
Givens,Mychal,571710,93.4,4-Seamer,19.2,6.9
Fried,Max,608331,87.3,Slider,34.9,3.8
Rasmussen,Drew,656876,84.6,Slider,42.2,12.1
Plesac,Zach,668676,85.4,Slider,29.9,1.3
Sampson,Adrian,592716,91.9,Sinker,21.4,14.3
Stanek,Ryne,592773,98.3,4-Seamer,10.8,10.2
McHugh,Collin,543521,80.2,Slider,42.6,16.4
Bundy,Dylan,605164,79.1,Slider,44.4,5.3
Kelly,Merrill,518876,92.6,Sinker,24.4,16.1
Wright,Kyle,657140,95.1,4-Seamer,17.7,11.4
Lyles,Jordan,543475,90.8,Sinker,20.8,13.4
McGee,Jake,459429,94.4,4-Seamer,15.8,11.7
Diekman,Jake,518617,95.6,4-Seamer,17.6,15.9
Otto,Glenn,657248,92.1,4-Seamer,17,4.3
Nelson,Nick,656793,96.3,4-Seamer,13.2,6.6
Lauer,Eric,641778,89.8,Cutter,23,0.5
Freeland,Kyle,607536,80.9,Curveball,48.5,4.3
McHugh,Collin,543521,88.9,Cutter,25.6,0.8
Lodolo,Nick,666157,81.5,Curveball,40,13.8
Montas,Frankie,593423,95.6,Sinker,18.4,15.5
Kaprielian,James,621076,85,Slider,34.3,4.5
Bieber,Shane,669456,82,Curveball,51.6,9.9
Dunning,Dane,641540,84,Changeup,34.7,17.2
Puk,A.J.,640462,96.7,4-Seamer,17.4,12.6
Keuchel,Dallas,572971,87.2,Sinker,30.1,15.4
Murfee,Penn,682171,79.7,Slider,40.9,16.9
García,Luis,472610,98.7,Sinker,18.3,14.8
Romano,Jordan,605447,87.3,Slider,36.9,4.2
Richards,Trevor,670950,93.4,4-Seamer,11.4,7.4
Martínez,Adrián,661309,93.8,Sinker,22.8,17.3
Coleman,Dylan,669395,83.3,Slider,36.2,13.9
Skubal,Tarik,669373,94.1,4-Seamer,15.1,8.3
Lange,Alex,656638,85.5,Curveball,42.9,0.6
Bumgarner,Madison,518516,78.6,Curveball,47.1,9.2
Manning,Matt,666159,93.2,4-Seamer,15,2.9
Harvey,Hunter,640451,98.3,4-Seamer,11,9.1
Duran,Jhoan,661395,100.8,4-Seamer,12.9,11.7
Gomber,Austin,596295,84.3,Slider,34.7,5
Festa,Matthew,670036,82.9,Slider,37.1,15.6
Scherzer,Max,453286,85,Slider,34.7,3.2
Bellatti,Andrew,571479,85.9,Slider,33.3,3.6
Mahle,Tyler,641816,85.4,Splitter,27.4,14.3
Brebbia,John,605154,94.4,4-Seamer,13.4,10.1
Logue,Zach,656657,90.1,4-Seamer,20,10.1
DeLosSantos,Enyel,660853,95.3,4-Seamer,15.9,11.8
Soto,Gregory,642397,98.1,Sinker,18.6,16.7
Faedo,Alex,656412,92.7,4-Seamer,14.9,11
Sewald,Paul,623149,92.5,4-Seamer,18.4,11.9
Crawford,Kutter,676710,94.6,4-Seamer,11.6,10
Montero,Rafael,606160,96.4,4-Seamer,13.8,9.3
Bard,Daniel,453268,98,Sinker,21.4,14.5
Bassitt,Chris,605135,89.1,Cutter,25.5,2.5
Hernández,Carlos,672578,96.7,4-Seamer,12.1,8.1
Ryan,Joe,657746,82,Slider,37.8,4
Luzardo,Jesús,666200,83.7,Curveball,39.6,1.1
Corbin,Patrick,571578,92.1,4-Seamer,17.6,8.2
Thielbar,Caleb,573204,92.8,4-Seamer,12.3,3.2
Beeks,Jalen,656222,90.3,Changeup,25.3,16.6
Bubic,Kris,663460,79.4,Curveball,56.4,7.6
Lynn,Lance,458681,89,Cutter,29,2.2
Verlander,Justin,434378,79,Curveball,55.3,6.9
Doval,Camilo,666808,87.7,Slider,34.8,6.4
Stephan,Trevor,663986,96.5,4-Seamer,15,11
Gray,Sonny,543243,92,Sinker,22.7,13.4
Espino,Paolo,502179,71.3,Curveball,73.2,13.1
Feltner,Ryan,663372,84.4,Slider,36.2,5.8
Davis,Austin,656354,94.1,4-Seamer,15.8,10.4
Loáisiga,Jonathan,642528,98,Sinker,17.2,16.2
Martin,Davis,663436,94,4-Seamer,14.6,6.3
Beeks,Jalen,656222,95,4-Seamer,12.5,5.1
Plesac,Zach,668676,85.7,Changeup,24.9,11.4
Ramirez,Erasmo,541640,93.1,Sinker,24.8,15.4
Jackson,Zach,667427,94.5,4-Seamer,11.2,4.9
Hearn,Taylor,621368,84.9,Slider,38.7,3.2
Scott,Tanner,656945,96.9,4-Seamer,12.6,5.3
Alvarado,José,621237,99.6,Sinker,13.2,12.7
Irvin,Cole,608344,83,Changeup,32.5,13.3
Swanson,Erik,657024,93.6,4-Seamer,12.5,10
Cueto,Johnny,456501,82.6,Changeup,36,12.2
Bieber,Shane,669456,86.9,Cutter,27.3,2
Moore,Matt,519043,83.6,Curveball,50.2,4.1
Eflin,Zach,621107,92.7,Sinker,24.6,17
Smith,Will,519293,81.7,Slider,38.5,4.8
Romano,Jordan,605447,96.9,4-Seamer,11.2,5.3
Stratton,Chris,608717,92.8,4-Seamer,16.9,3.6
Sewald,Paul,623149,82.8,Slider,31.4,12
Gallegos,Giovanny,606149,94.3,4-Seamer,12.3,7.5
Weems,Jordan,607179,96.8,4-Seamer,11.1,6.8
Loup,Aaron,571901,91.2,Sinker,29.4,18.9
Hernandez,Elieser,622694,91.6,4-Seamer,15.1,6.4
Maton,Phil,664208,91,4-Seamer,16.8,1.3
Bassitt,Chris,605135,78.9,Slider,43.6,12.8
Cessa,Luis,570666,82.8,Slider,44.2,5.6
White,Mitch,669952,85.4,Slider,38.3,9.2
Cueto,Johnny,456501,86.9,Cutter,26.1,3.3
Milner,Hoby,571948,88.9,Sinker,34.8,18.5
Gallegos,Giovanny,606149,85.5,Slider,36.5,0.3
Lauer,Eric,641778,86.8,Slider,32.1,3.1
Rogers,Taylor,573124,94.3,Sinker,23.2,17
Garrett,Braxton,666129,84.1,Slider,41.7,9
Cortes,Nestor,641482,77.1,Slider,42.4,15.2
Montgomery,Jordan,656756,93,4-Seamer,16.8,8.8
Stephenson,Robert,596112,83.9,Slider,41.3,5.2
Greinke,Zack,425844,72,Curveball,64.4,12.5
Garcia,Yimi,554340,94.9,4-Seamer,16.7,9.5
Gray,Sonny,543243,78.7,Curveball,58.9,14.4
Cueto,Johnny,456501,91.4,4-Seamer,17.8,12.1
Abreu,Bryan,650556,97.2,4-Seamer,12,6.3
Winckowski,Josh,670174,94,Sinker,21.9,14.6
Watkins,Spenser,657093,87.1,Cutter,28.5,6
Wilson,Steven,621051,95.1,4-Seamer,12.1,8
Hudson,Dakota,641712,91.4,4-Seamer,24.2,4.4
Ashcraft,Graham,668933,85.8,Slider,40,11
Urías,Julio,628711,86.2,Changeup,30,13.9
Syndergaard,Noah,592789,84.8,Slider,36.7,5.8
Suárez,Ranger,624133,93.2,4-Seamer,20.1,6.6
Garrett,Amir,607237,84.7,Slider,32.8,1.5
Lodolo,Nick,666157,94.2,Sinker,24.3,18.6
Martinez,Nick,607259,93.4,4-Seamer,14.3,7.2
Ottavino,Adam,493603,81,Slider,40.1,17.7
Bednar,David,670280,96.4,4-Seamer,12.4,10.2
Winder,Josh,680739,94,4-Seamer,13.4,8.3
Abreu,Bryan,650556,88.4,Slider,37.8,8.2
Wells,Tyler,669330,87.5,Slider,28.1,4.9
Hughes,Brandon,676714,93.2,4-Seamer,16.8,12.9
Nola,Aaron,605400,85.9,Changeup,33.8,15.2
Luzardo,Jesús,666200,96.3,4-Seamer,14.6,13.5
Megill,Tylor,656731,95.7,4-Seamer,13.5,7.2
Quintana,José,500779,91.4,Sinker,19.7,12.6
Stripling,Ross,548389,87.1,Slider,29.6,4.5
deGrom,Jacob,594798,98.9,4-Seamer,11.3,9.5
Graveman,Kendall,608665,96.5,Sinker,18.9,15.5
Bush,Matt,456713,97.3,4-Seamer,10.1,6.7
Lynch,Daniel,663738,84.8,Changeup,27.7,13.2
Smeltzer,Devin,656970,89.5,4-Seamer,18.1,11
Hoffman,Jeff,656546,94.2,4-Seamer,13.8,10.7
Alexander,Tyler,641302,85.5,Cutter,27.8,3.8
Martinez,Nick,607259,79.7,Changeup,38.2,13.4
Wilson,Bryse,669060,92.7,4-Seamer,17.4,8.5
Thompson,Zach,605507,92.2,Sinker,24.1,9.7
Stephenson,Robert,596112,96.8,4-Seamer,14,11.4
Richards,Trevor,670950,84.1,Changeup,32.6,16.2
Cishek,Steve,518553,76.5,Slider,52.2,16.2
Minor,Mike,501985,85.4,Slider,33.7,3.5
Suarez,José,660761,82.4,Changeup,35.4,12.7
Cease,Dylan,656302,81.1,Curveball,59.1,3.6
García,Jarlín,606424,93.8,4-Seamer,18.1,14.8
Gallen,Zac,668678,89.9,Cutter,26.7,5.3
Brasier,Ryan,518489,95.9,4-Seamer,13.2,7.1
Thompson,Zach,605507,76.6,Curveball,56.5,5
Gonsolin,Tony,664062,87.5,Slider,30.8,3.2
Pineda,Michael,501381,89.9,4-Seamer,19.8,5.5
Crowe,Wil,640444,87.6,Slider,35.3,6
Oller,Adam,670124,93.3,4-Seamer,14.2,11.1
Abbott,Cory,676265,91.3,4-Seamer,15.8,11.5
Bird,Jake,656234,95,Sinker,30,11.1
Henry,Tommy,674072,91.6,4-Seamer,17.6,7.2
Lauer,Eric,641778,78.2,Curveball,52.7,6.4
Civale,Aaron,650644,75.9,Curveball,65.8,11.7
Davis,Austin,656354,80.5,Slider,41.6,15
Falter,Bailey,663559,91,Sinker,15.8,7.9
Oviedo,Johan,670912,96,4-Seamer,19.5,8.7
Cuas,Jose,621016,93.1,Sinker,31.2,16.9
Hand,Brad,543272,79.3,Slider,47.9,16.4
Hughes,Brandon,676714,82.9,Slider,36.6,3.9
Megill,Trevor,656730,98,4-Seamer,11.7,4.2
Brasier,Ryan,518489,85.5,Slider,38,6.4
Acevedo,Domingo,642758,93,4-Seamer,18.4,13.6
Lawrence,Justin,664875,95.1,Sinker,29.3,16.5
Karinchak,James,675916,95.2,4-Seamer,9.5,1.9
Ober,Bailey,641927,91.5,4-Seamer,15.3,8.5
Wright,Kyle,657140,88.1,Changeup,35,15.9
Gallen,Zac,668678,86.2,Changeup,32.8,11.9
Berríos,José,621244,84.6,Changeup,33.9,14.4
Weaver,Luke,596133,94.9,4-Seamer,14.1,8.9
Strickland,Hunter,519326,84.8,Slider,39.4,8.5
Hendricks,Kyle,543294,86.5,Sinker,27.8,12.9
Neris,Héctor,593576,94.3,4-Seamer,13.9,10.4
Wood,Alex,622072,85.7,Changeup,37,14.1
Sanchez,Aaron,592717,92.1,Sinker,22.5,16.4
Pepiot,Ryan,686752,93.9,4-Seamer,12.9,9.9
Wheeler,Zack,554430,95.4,Sinker,18.5,16
Hendricks,Kyle,543294,79.9,Changeup,32.2,12.4
Taillon,Jameson,592791,81.1,Curveball,51.8,9.2
Kelly,Merrill,518876,82.2,Curveball,50.9,9.1
Woodruff,Brandon,605540,86.1,Changeup,28,15.8
Murfee,Penn,682171,89,4-Seamer,26.7,2.9
Keller,Mitch,656605,78.7,Curveball,60,11.2
Pop,Zach,647315,96.5,Sinker,24.5,17
Yarbrough,Ryan,642232,82.3,Cutter,34.5,1.9
Wantz,Andrew,681806,93.8,4-Seamer,13.6,3
Diekman,Jake,518617,81.4,Slider,40.3,16
Hill,Tim,657612,89.5,Sinker,38.5,15.9
Senzatela,Antonio,622608,86.1,Slider,34.3,4.9
Smith,Will,519293,92.1,4-Seamer,15.4,8.6
Puk,A.J.,640462,86.9,Slider,35.2,3.3
Smith,Drew,622098,95.7,4-Seamer,11.4,7
Mayers,Mike,594577,93.5,4-Seamer,15,11
Sawamura,Hirokazu,617228,95.9,4-Seamer,14,8.8
Rodríguez,Joely,570257,92.7,Sinker,25.7,17.4
Crawford,Kutter,676710,88.8,Cutter,26.7,4.4
Syndergaard,Noah,592789,88.5,Changeup,26.8,15.1
Moll,Sam,594580,81.7,Slider,43.9,17.3
Bundy,Dylan,605164,81.1,Changeup,35.3,12.2
Phillips,Evan,623465,85.3,Slider,36.2,15.3
Walker,Taijuan,592836,84.8,Slider,32.6,5.3
Minor,Mike,501985,84.2,Changeup,28.8,16.7
Bard,Daniel,453268,88.4,Slider,32.6,7.5
Hill,Garrett,682051,92,4-Seamer,16.3,9.5
Falter,Bailey,663559,91.4,4-Seamer,13.8,1.2
Gausman,Kevin,592332,84.4,Slider,35.1,1.1
Skubal,Tarik,669373,94.8,Sinker,19.3,15.2
Sánchez,Cristopher,650911,93,Sinker,23.5,17.8
Banks,Tanner,621383,92.9,4-Seamer,15.5,1.9
Germán,Domingo,593334,81,Curveball,45,1.3
Pérez,Cionel,672335,97,4-Seamer,12.7,6.2
Davidson,Tucker,656353,86.6,Slider,37.1,5.9
Matz,Steven,571927,94.5,Sinker,18.3,15.4
Santana,Dennis,642701,85.8,Slider,39.4,1.7
Bassitt,Chris,605135,71.6,Curveball,68,14.9
Williams,Devin,642207,93.9,4-Seamer,14.5,12.2
Espino,Paolo,502179,77.7,Slider,44.2,18.7
Lyles,Jordan,543475,79.1,Curveball,58.7,7.6
Foster,Matt,641582,93.7,4-Seamer,12.6,5.8
Heaney,Andrew,571760,83.4,Slider,38.2,3.6
Cabrera,Edward,665795,92.5,Changeup,23.9,16.1
Clevinger,Mike,605182,79.9,Slider,44.6,15.6
Detmers,Reid,672282,73.1,Curveball,67,12.2
Jackson,Zach,667427,85.2,Slider,40.1,0.6
Ureña,José,570632,86.8,Slider,30.4,1.5
Freeland,Kyle,607536,84.8,Changeup,30.6,10.9
Fried,Max,608331,86.5,Changeup,32.4,12.9
Oviedo,Johan,670912,85.7,Slider,35.6,5.8
Hernandez,Elieser,622694,80.1,Slider,30.5,8.2
García,Rony,665621,92.9,4-Seamer,18,10.6
Cishek,Steve,518553,89.8,Sinker,29.3,17.7
King,John,667463,92.4,Sinker,31.4,15.6
Urquidy,José,664353,86.1,Changeup,23.6,15.8
Cueto,Johnny,456501,83.5,Slider,33.7,2.7
Jax,Griffin,643377,95.4,4-Seamer,13.5,8.6
Bellatti,Andrew,571479,94.4,4-Seamer,14.2,10.5
Ashby,Aaron,676879,89.1,Changeup,31.2,14.8
Thompson,Keegan,624522,89.9,Cutter,25.4,5.2
Ferguson,Caleb,657571,94.8,4-Seamer,14.5,6.2
Crowe,Wil,640444,85.9,Changeup,33,10.2
Swarmer,Matt,664161,82.1,Slider,37.5,7.3
Festa,Matthew,670036,92.6,4-Seamer,17.6,4.8
Díaz,Edwin,621242,99.1,4-Seamer,14.5,13.5
Santana,Dennis,642701,96.7,Sinker,20.5,17.6
Schreiber,John,670167,82.1,Slider,36.6,13
Littell,Zack,641793,94.5,4-Seamer,12.6,6.2
Voth,Austin,608723,89.5,Cutter,26.6,2.5
Warren,Art,605521,85.5,Slider,36.4,8.2
Brubaker,JT,664141,80,Curveball,50.9,6.5
Tepera,Ryan,572193,85.2,Slider,34,5.8
McClanahan,Shane,663556,89.3,Slider,30.6,3.6
Gonzales,Marco,594835,76.6,Curveball,59.8,6.3
Heasley,Jonathan,669169,84.9,Changeup,27.7,12.9
Rucker,Michael,621074,94.7,4-Seamer,14.5,7.4
Odorizzi,Jake,543606,87.6,Cutter,23.3,2.6
Stammen,Craig,489334,91.4,Sinker,22.1,14.2
Bassitt,Chris,605135,93.2,4-Seamer,17.8,5.6
Alvarado,José,621237,93.8,Cutter,25.5,1.9
Familia,Jeurys,544727,95.2,Sinker,26.8,15.5
Chapman,Aroldis,547973,97.5,4-Seamer,11,4.5
Gilbert,Logan,669302,80.8,Curveball,50.1,4.2
Nelson,Kyle,669459,84.3,Slider,38.2,6.2
Houck,Tanner,656557,85.4,Slider,37,11.1
Alexander,Tyler,641302,90.1,4-Seamer,15.9,7.7
Greinke,Zack,425844,86.5,Changeup,32.6,12.8
Fried,Max,608331,93.6,Sinker,21.6,11
Bleier,Richard,542947,89.8,Sinker,30.6,15.5
Armstrong,Shawn,542888,95.6,Sinker,18.6,15.5
Morejon,Adrian,670970,96.9,4-Seamer,12.2,6.8
Barlow,Scott,605130,78.6,Curveball,53.4,16.2
Staumont,Josh,622251,96.1,4-Seamer,11.6,2.7
Luzardo,Jesús,666200,87.2,Changeup,27.7,15.6
Urquidy,José,664353,78.1,Curveball,60.3,7.4
Anderson,Ian,666120,81.7,Curveball,43.8,0.6
Cobb,Alex,502171,83.8,Curveball,51.9,5.9
Winder,Josh,680739,84.3,Slider,37.1,1
Blach,Ty,621389,91.1,Sinker,24.1,14.2
Wilson,Steven,621051,82.2,Slider,38.8,11.1
Lorenzen,Michael,547179,85.7,Changeup,27.8,16.2
Cimber,Adam,643256,77.8,Slider,37.5,7.4
Elder,Bryce,693821,90.7,Sinker,25,14.5
deGrom,Jacob,594798,92.6,Slider,26.4,3.6
Farmer,Buck,571656,94.6,4-Seamer,15.3,10.1
Lorenzen,Michael,547179,94.6,4-Seamer,15.8,11.9
Lugo,Seth,607625,79.8,Curveball,60.8,10.7
Rainey,Tanner,663432,97,4-Seamer,11,8.7
Yarbrough,Ryan,642232,71.3,Curveball,49.4,15.7
Cimber,Adam,643256,86.5,4-Seamer,31.6,10.9
Kelly,Joe,523260,88.1,Curveball,43.1,8.5
Akin,Keegan,669211,85.3,Slider,36.2,5.1
Mantiply,Joe,573009,90.4,Sinker,29.4,18.3
Clarke,Taylor,664199,95.6,4-Seamer,12.3,5.5
Eovaldi,Nathan,543135,87.8,Splitter,34.1,12.4
Martin,Chris,455119,95.3,4-Seamer,15.9,7.7
Severino,Luis,622663,88.8,Changeup,25.4,13.6
Muñoz,Andrés,662253,100.2,4-Seamer,13.9,12.1
Fleming,Josh,676596,91.2,Sinker,30.3,17.5
Rodriguez,Eduardo,593958,88.7,Cutter,24.9,1.1
Gomber,Austin,596295,82,Changeup,29.8,9.8
Lorenzen,Michael,547179,93.9,Sinker,22.7,17
Vest,Will,676684,86.4,Slider,38.6,9
Lee,Dylan,669276,83.8,Slider,34.4,3.2
Lambert,Jimmy,669424,94.3,4-Seamer,12.7,7.7
Díaz,Alexis,664747,86.9,Slider,35.1,5.8
Buehler,Walker,621111,95.2,4-Seamer,13.3,5.9
Hendricks,Kyle,543294,86.9,4-Seamer,20.4,6
Suarez,José,660761,81.7,Slider,36.4,9.1
Garrett,Braxton,666129,91.4,4-Seamer,17.1,9.3
Urquidy,José,664353,80.1,Slider,41.9,14.5
Minter,A.J.,621345,90.3,Cutter,29,5.1
Smith,Caleb,592761,85.4,Slider,29.2,3.1
Milner,Hoby,571948,79.5,Curveball,45.3,13.4
Pérez,Cionel,672335,83.9,Slider,44.7,12.2
Flexen,Chris,623167,81.1,Changeup,32.9,12.6
Montas,Frankie,593423,87.2,Slider,32.9,6.2
Snell,Blake,605483,81.4,Curveball,51,12.2
Cole,Gerrit,543037,83,Curveball,53,10.2
Nelson,Nick,656793,87.9,Changeup,28.2,16.1
Gomber,Austin,596295,75.8,Curveball,61.6,7
Chafin,Andrew,605177,91.6,Sinker,20.6,15.1
Brash,Matt,666374,86.8,Slider,36.6,15.2
Schmidt,Clarke,657376,86.4,Slider,32.9,8.3
Bello,Brayan,678394,96.3,Sinker,25.1,17.2
Soto,Gregory,642397,98.7,4-Seamer,14.5,11.2
Clase,Emmanuel,661403,91.9,Slider,32.4,7.1
Suarez,Robert,663158,97.9,4-Seamer,11.6,7.3
Sandoval,Patrick,663776,93.4,Sinker,19,13.7
Hentges,Sam,656529,95.7,4-Seamer,15.1,8.4
Loup,Aaron,571901,84.7,Cutter,35.6,0.3
Howard,Spencer,675921,94.4,4-Seamer,14.4,7.6
Acevedo,Domingo,642758,86.5,Slider,29.6,7.2
Norris,Daniel,596057,91.2,4-Seamer,15.5,7.4
Quantrill,Cal,615698,85.3,Changeup,30,12.3
Ramirez,Yohan,670990,95.7,Sinker,24.4,17.8
Manaea,Sean,640455,81.4,Slider,39.1,4.2
Peralta,Wandy,593974,88.5,Changeup,29.9,17.3
Rogers,Trevor,669432,80.7,Slider,36.3,7.6
Stephens,Jackson,623451,94.1,4-Seamer,16.2,6.1
Payamps,Joel,606303,82.2,Slider,44.4,10.3
Blackburn,Paul,621112,87.1,Cutter,30.9,6.1
Civale,Aaron,650644,91.3,Sinker,21.2,12.2
Ottavino,Adam,493603,94.2,Sinker,24.7,16.4
Lee,Dylan,669276,92.1,4-Seamer,12.7,7
Ashcraft,Graham,668933,97.1,Sinker,22.6,9.7
DeJong,Chase,608328,83.6,Slider,40.6,4.4
Moran,Jovani,663558,93.4,4-Seamer,13.4,2.9
Abreu,Albert,656061,98.5,Sinker,15.1,14.7
Maton,Phil,664208,74.5,Curveball,58.9,19.9
Davidson,Tucker,656353,93.2,4-Seamer,14.3,3.1
Winckowski,Josh,670174,84.8,Slider,41,5.6
Severino,Luis,622663,85.2,Slider,40.8,10.3
Doval,Camilo,666808,99.4,Cutter,14.7,5
Moronta,Reyes,606625,95.3,4-Seamer,13.6,6.1
Pallante,Andre,669467,87,Slider,37.3,5.4
Lorenzen,Michael,547179,83.4,Slider,39.6,10.2
Lawrence,Justin,664875,82.3,Slider,36.1,14.5
Gutierrez,Vladimir,661269,92.8,4-Seamer,17.7,12
Smyly,Drew,592767,88.6,Cutter,23.6,3.6
Krehbiel,Joey,607216,94.4,4-Seamer,15,9.9
Herget,Jimmy,623474,83.2,Slider,35.2,3.3
Kimbrel,Craig,518886,85.7,Curveball,44,10.2
Thompson,Zach,605507,92.3,4-Seamer,18.1,2
Feltner,Ryan,663372,93.5,Sinker,25.7,12.1
Faedo,Alex,656412,85,Slider,35,2.8
Cishek,Steve,518553,89.3,4-Seamer,23.1,12
Phelps,David,475479,93.2,4-Seamer,13.6,8.7
Martin,Davis,663436,84.3,Slider,38.2,7.1
Wacha,Michael,608379,88.8,Cutter,23.4,1.2
Machado,Andres,600921,95,Sinker,18.7,15.4
Marinaccio,Ron,676760,94.6,4-Seamer,13.6,12.5
Castillo,Max,666721,93,4-Seamer,17.5,13
Adam,Jason,592094,81.3,Slider,43.3,13.1
Sanmartin,Reiver,665665,85.2,Changeup,38.7,16.9
Barlow,Joe,669618,87.3,Slider,28.4,3.8
Brash,Matt,666374,96.9,4-Seamer,15.3,11.5
Otto,Glenn,657248,81.2,Curveball,52.3,6.5
Zimmermann,Bruce,669145,84.6,Changeup,28.3,16.7
Jiménez,Dany,666204,81.9,Slider,41.1,2
Hicks,Jordan,663855,84.7,Slider,38.7,11.8
Sandlin,Nick,680704,78.9,Slider,37.8,12.7
Waldichuk,Ken,686610,94.1,4-Seamer,15.4,10.5
Cotton,Jharel,605194,92.7,4-Seamer,13,8.3
Luzardo,Jesús,666200,95.7,Sinker,18.1,16.9
Manoah,Alek,666201,86.5,Changeup,27.2,14.5
Sánchez,Aníbal,434671,87.3,Cutter,23.5,0.2
Pruitt,Austin,643493,87.5,Slider,32.9,5.3
Duffey,Tyler,608648,82.2,Curveball,49.8,8.4
Moll,Sam,594580,93.3,Sinker,27.9,13.2
Houser,Adrian,605288,94.3,4-Seamer,15.5,9.4
Ruiz,José,614179,86.3,Curveball,42,2
Zimmermann,Bruce,669145,90.6,4-Seamer,16.6,7.9
Effross,Scott,664123,79.8,Slider,40.3,12.5
Garrett,Amir,607237,94.2,4-Seamer,16.6,11.2
Rodríguez,Joely,570257,87.8,Changeup,35.1,11.3
Snead,Kirby,669912,93.3,Sinker,25.3,18.7
Marte,Yunior,628708,86,Slider,35.9,4.3
Gibson,Kyle,502043,92,4-Seamer,16.4,6.3
Barnes,Matt,598264,84.1,Curveball,48.9,3.7
Garrett,Braxton,666129,90.9,Sinker,26.3,16.4
Thompson,Ryan,657044,90,Sinker,41.7,15.8
Yarbrough,Ryan,642232,78.6,Changeup,39.8,16.9
Krehbiel,Joey,607216,84.3,Changeup,36.2,14.1
Ortega,Oliver,661383,95.9,4-Seamer,15.1,2.4
Lyles,Jordan,543475,86.3,Changeup,29.1,13.7
Raley,Brooks,548384,81.4,Slider,40.5,18.5
Burnes,Corbin,669203,90.3,Changeup,26.4,14.4
Strzelecki,Peter,657265,93.5,4-Seamer,17.6,11.5
Eovaldi,Nathan,543135,78.3,Curveball,54.2,9.7
Duran,Jhoan,661395,87.8,Curveball,42.2,3
Oller,Adam,670124,89.5,Cutter,24.2,1.3
Flaherty,Jack,656427,93.3,4-Seamer,17.5,3.6
Bush,Matt,456713,81,Curveball,51.8,8.4
Woodruff,Brandon,605540,84,Curveball,46,2.5
Stratton,Chris,608717,80.8,Curveball,50.2,16.1
Arano,Víctor,644364,84.8,Slider,36.6,0.8
López,Reynaldo,625643,87.4,Slider,30.8,6.4
Barnes,Matt,598264,95,4-Seamer,13.7,10.9
Ort,Kaleb,672391,96.3,4-Seamer,12.9,9.4
Greinke,Zack,425844,85.8,Cutter,30.9,6.7
Bickford,Phil,641360,83.3,Slider,37.6,6.5
Thompson,Keegan,624522,81.3,Curveball,55.1,8.2
Lamet,Dinelson,659275,86.3,Slider,32.7,0.3
Ohtani,Shohei,660271,89.3,Splitter,31.9,5.4
Sánchez,Aníbal,434671,79.9,Changeup,35.3,13.4
Chavez,Jesse,445926,91.2,Sinker,25.6,16.5
Sawamura,Hirokazu,617228,92,Splitter,29,8.6
Ramirez,Noé,598287,89.8,4-Seamer,22.6,10.4
Long,Sam,669674,94.7,4-Seamer,12.4,7.5
Ragans,Cole,666142,92.1,4-Seamer,14,10.7
Morton,Charlie,450203,94.7,Sinker,25.4,17.1
Baker,Bryan,641329,87.3,Cutter,33.1,7.4
Lugo,Seth,607625,94.4,4-Seamer,13.4,8.3
Taillon,Jameson,592791,94.2,Sinker,16.2,13.6
Neris,Héctor,593576,85.1,Splitter,38.7,10.7
Floro,Dylan,571670,92.6,Sinker,23.2,17.3
Thompson,Zack,668868,94.8,4-Seamer,14.5,7.9
Valdez,Framber,664285,83,Cutter,45,3.7
Clarke,Taylor,664199,88.4,Slider,31.4,3.6
Mayers,Mike,594577,84.4,Slider,38.6,4.1
Cimber,Adam,643256,86.5,Sinker,45.7,12.2
Taillon,Jameson,592791,90.7,Cutter,20.7,2.9
Blackburn,Paul,621112,78.8,Curveball,61.1,8.4
García,Luis,472610,82.7,Slider,38.3,12.1
Helsley,Ryan,664854,89.1,Slider,32.2,4.5
Okert,Steven,595345,93.7,4-Seamer,16.5,10
Alexander,Tyler,641302,90.1,Sinker,21,14.8
Vesia,Alex,681911,85,Slider,34.5,7.3
Marte,Yunior,628708,96.9,Sinker,21.4,17.7
Domínguez,Seranthony,622554,97.6,4-Seamer,14.8,3.1
Peterson,David,656849,85.8,Changeup,31.2,16.2
Bumgarner,Madison,518516,85.5,Changeup,29.6,13
Brogdon,Connor,641401,83.8,Changeup,32.1,17.1
Iglesias,Raisel,628452,95,4-Seamer,14.4,9.8
Leone,Dominic,608678,95.5,4-Seamer,14.4,6.1
Keuchel,Dallas,572971,79.2,Changeup,38.7,14.3
McFarland,T.J.,519008,88.8,Sinker,34.2,17.2
Moran,Jovani,663558,83.3,Changeup,31.4,13.7
Sulser,Cole,642121,91.9,4-Seamer,14.5,7.6
Heasley,Jonathan,669169,78.5,Curveball,60.3,6.1
Martinez,Nick,607259,88.6,Cutter,26.9,1.7
Hudson,Dakota,641712,80.5,Curveball,46.9,7.4
Wentz,Joey,666214,92.4,4-Seamer,15.6,11.9
Machado,Andres,600921,95.6,4-Seamer,13.6,7
Phelps,David,475479,81.7,Curveball,48.4,3.4
Peralta,Wandy,593974,95.4,Sinker,20.4,17
Givens,Mychal,571710,84.7,Slider,35.5,6.1
Armstrong,Shawn,542888,95.3,4-Seamer,14.2,5.2
Wells,Tyler,669330,86.7,Changeup,23.1,14.9
Luetge,Lucas,476595,77.4,Slider,47.5,19.3
Adam,Jason,592094,90,Changeup,31.8,16.4
Sands,Cole,663485,91.6,4-Seamer,20.2,8.8
Head,Louis,545343,82.5,Slider,43.2,13
Armstrong,Shawn,542888,92.3,Cutter,23.9,4.7
Adam,Jason,592094,94.8,4-Seamer,13,6.9
Dunning,Dane,641540,87.1,Cutter,26.6,1
Syndergaard,Noah,592789,94.1,4-Seamer,16.7,5.8
Kershaw,Clayton,477132,73.2,Curveball,66.9,4.9
Kremer,Dean,665152,83.8,Changeup,37.8,15.1
Burnes,Corbin,669203,88.2,Slider,35.1,7.4
Odorizzi,Jake,543606,85.1,Splitter,31.1,11.8
Bass,Anthony,542914,95.4,Sinker,16.2,13.7
Cotton,Jharel,605194,79.7,Changeup,36.8,13.5
Gibaut,Ian,664139,95.8,4-Seamer,12.5,4.7
Crowe,Wil,640444,94.4,Sinker,17.8,12.1
Lange,Alex,656638,96.2,Sinker,20.4,15.8
Schreiber,John,670167,94.5,4-Seamer,21.5,10.3
Nance,Tommy,667297,85.3,Curveball,49.4,11.5
Germán,Domingo,593334,92.7,4-Seamer,15.7,11
Leone,Dominic,608678,85.1,Slider,40.5,5.1
Gibson,Kyle,502043,84.6,Changeup,34.6,14.8
Alexander,Tyler,641302,82.8,Changeup,31.5,13.7
Pallante,Andre,669467,76.5,Curveball,65.1,9
García,Jarlín,606424,85.2,Changeup,27.8,16.2
White,Mitch,669952,80.2,Curveball,57.2,5.2
Arano,Víctor,644364,93.9,Sinker,21.3,16.9
Watkins,Spenser,657093,78.4,Slider,47.1,13.9
Snead,Kirby,669912,82,Slider,41.2,9.2
Strahm,Matt,621381,94.2,4-Seamer,15.1,13.5
Nelson,Nick,656793,89.9,Slider,30,2.2
Wainwright,Adam,425794,88,4-Seamer,20.1,1.4
Wilson,Bryse,669060,83.4,Slider,36.2,5.2
Smeltzer,Devin,656970,82.2,Changeup,37.5,13.6
Doval,Camilo,666808,98.4,Sinker,25.6,11.3
Ryan,Joe,657746,84.6,Changeup,29.1,17.5
Velasquez,Vince,592826,84.7,Slider,33.8,6.5
Jiménez,Joe,641729,84.8,Slider,36.5,2.7
Clevinger,Mike,605182,93.2,Sinker,16.6,14
Snider,Collin,676092,86.3,Slider,38.3,6.5
Barlow,Scott,605130,93.6,4-Seamer,19.1,3.8
Junis,Jakob,596001,84.7,Changeup,33.3,9.8
Graterol,Brusdar,660813,99.7,Sinker,19.8,16.5
Graveman,Kendall,608665,88.7,Slider,32.2,5.2
Marinaccio,Ron,676760,83.9,Changeup,37.4,17.1
Chafin,Andrew,605177,82.9,Slider,40.7,0.2
Norris,Daniel,596057,79.9,Slider,42.6,13.4
García,Jarlín,606424,82.7,Slider,39.1,5.9
Woodruff,Brandon,605540,88,Slider,32,3.8
Leclerc,José,600917,96.5,4-Seamer,11.4,4
King,Michael,650633,95.5,Sinker,23.4,16.9
Skubal,Tarik,669373,83.6,Changeup,32.6,13.4
Herget,Jimmy,623474,90.4,Sinker,33.6,18
Sanchez,Aaron,592717,79.1,Curveball,54.6,12.8
Brieske,Beau,689225,82,Changeup,28,15.4
Sears,JP,676664,79.2,Slider,47.2,7
Phelps,David,475479,89.8,Cutter,19.7,0.8
Beede,Tyler,595881,84.8,Changeup,34.3,15.6
Walker,Taijuan,592836,92.9,Sinker,18.9,15.2
Karinchak,James,675916,82.9,Curveball,48.3,1.7
Trivino,Lou,642152,95.8,Sinker,21,16.4
Snider,Collin,676092,96,Sinker,26.6,14.6
Robertson,David,502085,84.7,Curveball,49.5,7.3
Carrasco,Carlos,471911,91.9,Sinker,24.9,16.2
Stephan,Trevor,663986,87.9,Splitter,30.9,11.9
Tepera,Ryan,572193,92.6,4-Seamer,15.1,7.2
Norris,Daniel,596057,86.7,Changeup,37.3,13.1
Clevinger,Mike,605182,86.6,Cutter,31.3,4.3
Rodriguez,Elvin,660730,93.1,4-Seamer,13.4,8.9
Chacín,Jhoulys,468504,92.9,Sinker,22.1,11.6
Littell,Zack,641793,87.9,Slider,29.1,2.5
Wheeler,Zack,554430,81.3,Curveball,51.7,9.2
Martínez,Adrián,661309,84,Changeup,42.3,14.2
García,Rony,665621,80.3,Curveball,42.2,7.9
Kaprielian,James,621076,79.3,Curveball,51.9,7.3
Pruitt,Austin,643493,91.4,4-Seamer,17.9,3.2
Baumann,Mike,657508,95.8,4-Seamer,11.9,5.5
Morgan,Eli,669212,75.9,Changeup,44,15.6
Kirby,George,669923,80.8,Curveball,53.6,9.9
Newcomb,Sean,656794,94.3,4-Seamer,14,5.7
Pagán,Emilio,641941,88.4,Splitter,27.2,12.3
Krehbiel,Joey,607216,86.3,Cutter,31.6,6.6
Smith,Drew,622098,85.4,Slider,38,7.8
Thornton,Trent,663423,93.8,4-Seamer,13.1,2.5
Adon,Joan,672851,79.7,Curveball,53.5,7.8
Effross,Scott,664123,90.3,Sinker,37.1,18
Cole,Gerrit,543037,89.7,Changeup,24.7,14
López,Pablo,641154,88.7,Cutter,28.8,2.3
Leclerc,José,600917,83.3,Slider,37.8,9.4
Rodriguez,Eduardo,593958,91.7,Sinker,22.2,13.9
Smith,Caleb,592761,83.6,Changeup,24.2,13.7
Hendriks,Liam,521230,89,Slider,30.7,2.5
Martin,Brett,656685,82.8,Curveball,47.9,1.9
Martinez,Nick,607259,81.7,Curveball,58.4,2.4
Warren,Art,605521,93.5,4-Seamer,15.5,5.7
Sanmartin,Reiver,665665,82,Slider,39,5.8
Kuhl,Chad,641771,79.5,Curveball,54.6,12.3
Valdez,Framber,664285,88.7,Changeup,33,15.3
Duffey,Tyler,608648,92.3,4-Seamer,16.4,4.4
Houck,Tanner,656557,94.5,Sinker,31.6,16.6
Stephens,Jackson,623451,76.8,Curveball,57.8,16
UnderwoodJr.,Duane,621249,92.4,Cutter,25.2,0.3
Mahle,Tyler,641816,85.5,Cutter,27,1.7
Scherzer,Max,453286,84.1,Changeup,34.9,14.9
Morton,Charlie,450203,88.4,Cutter,29.7,1.8
Martin,Chris,455119,91.7,Cutter,26.1,2.4
Wilson,Bryse,669060,85.1,Changeup,33.5,12.9
Danish,Tyler,641501,80.9,Curveball,37.6,11.4
Herget,Jimmy,623474,74.8,Curveball,46.1,16.9
DeJong,Chase,608328,77.7,Curveball,59.4,6.3
Kuhnel,Joel,669270,86.8,Slider,35.4,4.4
Tate,Dillon,622253,80.4,Slider,38,10
Lambert,Jimmy,669424,84.4,Slider,39.9,5.6
Alexander,Jason,669920,81.2,Slider,39.6,11.2
Darvish,Yu,506433,94.7,Sinker,18.9,14
Banks,Tanner,621383,86.7,Slider,31.3,4.6
Hader,Josh,623352,84,Slider,38.3,4.1
Kuhnel,Joel,669270,96.1,Sinker,21.4,15.9
Hearn,Taylor,621368,93.8,Sinker,18.7,14.5
Cessa,Luis,570666,93.6,Sinker,20.8,14.8
Kelly,Joe,523260,97.9,Sinker,18.2,15.2
Suter,Brent,608718,77.2,Changeup,34.8,10
Richards,Garrett,572070,88.6,Slider,35.9,2.3
Brieske,Beau,689225,86.2,Slider,29.9,0.1
Thompson,Ryan,657044,79.5,Slider,34.4,13.7
Lamet,Dinelson,659275,95.4,4-Seamer,15.4,6.1
Woodford,Jake,663765,91.8,Sinker,24.3,12.6
Melancon,Mark,453343,81.7,Curveball,55.7,4.6
Domínguez,Seranthony,622554,98.2,Sinker,18.9,15.3
Burke,Brock,656271,87.2,Slider,30.7,0.9
Stroman,Marcus,573186,89.4,Cutter,30.9,2.6
Ureña,José,570632,90.2,Changeup,24.7,11.7
Brazoban,Huascar,623211,87.7,Cutter,29,0.8
Ramirez,Noé,598287,78,Curveball,46.2,9.8
Martin,Brett,656685,93.5,Sinker,18.8,14.4
Bautista,Félix,642585,88.4,Splitter,28.2,7.5
Archer,Chris,502042,87,Changeup,26.9,13
Farmer,Buck,571656,83.3,Slider,37.4,7.5
Payamps,Joel,606303,94.8,4-Seamer,14.7,9
Pressly,Ryan,519151,89.7,Slider,31,5.1
UnderwoodJr.,Duane,621249,95.3,Sinker,19,14.1
Schreiber,John,670167,93.4,Sinker,34.3,15.5
Lynn,Lance,458681,91.5,Sinker,25.8,10.9
Mantiply,Joe,573009,81.1,Curveball,43.4,6.6
Stroman,Marcus,573186,87,Splitter,34.4,12.1
Ramirez,Noé,598287,84.1,Changeup,43.4,14.3
Buehler,Walker,621111,91.5,Cutter,23.4,4.5
Gott,Trevor,641627,91.5,Cutter,21.1,0.5
Bradish,Kyle,680694,83.2,Curveball,53.1,5.8
Swarmer,Matt,664161,90.5,4-Seamer,18.1,4.1
Castillo,Diego,650895,95.1,Sinker,25.4,17.3
Rucker,Michael,621074,86.4,Slider,37.2,3.8
Thornton,Trent,663423,82.2,Slider,40.8,14.7
Hill,Rich,448179,84.2,Cutter,29.6,1.9
Tate,Dillon,622253,83.9,Changeup,34.7,16.9
Chafin,Andrew,605177,91.6,4-Seamer,17.3,9.6
Kirby,George,669923,94.7,Sinker,20.6,16.2
Iglesias,Raisel,628452,84.1,Slider,32.7,8.4
Kirby,George,669923,88.3,Cutter,30.2,3.8
Staumont,Josh,622251,82.2,Curveball,52.4,9.2
Beede,Tyler,595881,95.8,4-Seamer,16.8,11
Stephan,Trevor,663986,85.9,Slider,34.5,9.5
Yarbrough,Ryan,642232,86.7,Sinker,25,14.2
Koenig,Jared,657649,89.2,Sinker,23.2,11.9
Ruiz,José,614179,89.9,Changeup,25.8,15.4
Cuas,Jose,621016,82.1,Slider,41.3,4
Kluber,Corey,446372,82.9,Changeup,33.7,13.6
Cabrera,Edward,665795,83.8,Curveball,44.8,9
LeiterJr.,Mark,643410,90.9,Sinker,20.6,12.7
Cabrera,Génesis,650893,96.1,4-Seamer,11.8,7.5
Garcia,Luis,677651,77.1,Curveball,57.1,5.9
Price,David,456034,92.1,4-Seamer,20.2,10.6
Germán,Domingo,593334,85.9,Changeup,28.5,17.9
Martinez,Nick,607259,93.3,Sinker,17.5,14.9
Montero,Rafael,606160,95.9,Sinker,21.4,16.2
Morton,Charlie,450203,87.2,Changeup,34.5,17.6
Cessa,Luis,570666,93.3,4-Seamer,16.8,7.4
Gott,Trevor,641627,95.2,4-Seamer,15.1,8.4
Crismatt,Nabil,622503,90.5,4-Seamer,19.3,7.4
Phillips,Evan,623465,93.3,Cutter,22,1.1
Beede,Tyler,595881,95.6,Sinker,20.8,15.7
Bednar,David,670280,77.1,Curveball,56.7,8.3
Thielbar,Caleb,573204,81.3,Slider,39.8,14.3
Houser,Adrian,605288,85,Slider,36.5,6.1
Thielbar,Caleb,573204,73,Curveball,68.3,10.5
Peralta,Freddy,642547,80.3,Slider,39,8
Richards,Garrett,572070,90,Changeup,30.1,15.2
Boxberger,Brad,502202,81.2,Changeup,35.9,11.2
Hentges,Sam,656529,95.7,Sinker,19.7,14.1
LeiterJr.,Mark,643410,91.1,4-Seamer,16.5,5.4
Detmers,Reid,672282,84.2,Changeup,29.6,13.5
Kikuchi,Yusei,579328,87,Changeup,28.1,10.5
LeiterJr.,Mark,643410,84.2,Changeup,34,6.4
Cabrera,Edward,665795,96,4-Seamer,13.8,9.8
Wacha,Michael,608379,92.6,Sinker,15.3,11.7
Boxberger,Brad,502202,87.3,Slider,29.2,7
Sampson,Adrian,592716,83,Slider,41.6,10.3
Hand,Brad,543272,92.6,4-Seamer,17.1,10.3
Howard,Spencer,675921,84.8,Cutter,37.7,5.2
Danish,Tyler,641501,90.9,Sinker,34.7,17.7
Castellanos,Humberto,528748,90.4,Sinker,31.3,16.1
Wick,Rowan,592858,76.8,Curveball,65.6,7.5
Gilbert,Logan,669302,86.2,Changeup,28.3,15.3
Eflin,Zach,621107,78.3,Curveball,49.9,12
Kremer,Dean,665152,76.5,Curveball,62.2,11.1
Mahle,Tyler,641816,83.9,Slider,36.8,5
Sulser,Cole,642121,83.2,Changeup,33.9,14.7
Ashby,Aaron,676879,79.7,Curveball,59,7.8
Barría,Jaime,642545,92,4-Seamer,15.8,5.8
Gonsolin,Tony,664062,80.7,Curveball,54,3.3
Miley,Wade,489119,85.1,Cutter,29.7,2.9
Pérez,Martín,527048,92.7,4-Seamer,17.4,10.9
Soto,Gregory,642397,89.3,Slider,28.1,1.4
Matz,Steven,571927,85.1,Changeup,35.8,15.2
Ohtani,Shohei,660271,90.5,Cutter,28.4,3.9
Rodriguez,Eduardo,593958,85.5,Changeup,30.7,16.5
López,Pablo,641154,93.4,Sinker,25.3,14.8
Brash,Matt,666374,84.5,Curveball,46.1,13.8
Sánchez,Aníbal,434671,89.1,Sinker,21,12.3
Moronta,Reyes,606625,82.1,Slider,39.1,12.8
Wantz,Andrew,681806,81.3,Slider,40.7,13.6
Foster,Matt,641582,85.8,Slider,32.1,5.5
Castano,Daniel,641447,86.5,Cutter,30,0.4
Bello,Brayan,678394,88.2,Changeup,30.4,16.7
Lugo,Seth,607625,94.4,Sinker,18.3,15.6
Taillon,Jameson,592791,87.7,Changeup,24.7,14
DeLosSantos,Enyel,660853,83.1,Slider,39.1,2.7
López,Pablo,641154,80.9,Curveball,51.7,11
Cessa,Luis,570666,87.8,Changeup,29.6,11.5
Megill,Trevor,656730,83.3,Curveball,56.3,7.6
Iglesias,Raisel,628452,88.7,Changeup,31.2,16.8
Suárez,Ranger,624133,89.7,Cutter,26.3,0
Robertson,David,502085,83.9,Slider,38.3,8.6
Wilson,Bryse,669060,77.2,Curveball,49.6,16.6
King,Michael,650633,82.3,Slider,40.3,18.6
Elder,Bryce,693821,82.4,Slider,44.8,0.5
Ragans,Cole,666142,82.1,Changeup,26.7,16.2
Pressly,Ryan,519151,94.5,4-Seamer,12.7,3.2
McCarty,Kirk,668948,88.5,Cutter,25.8,2.9
Whitlock,Garrett,676477,84.6,Changeup,33.3,18
Garcia,Luis,677651,84.8,Changeup,28,17
Bundy,Dylan,605164,72.2,Curveball,63.4,8.2
Dunn,Justin,643290,92.2,4-Seamer,15.4,8.3
Suarez,José,660761,78,Curveball,51.8,10.5
Castillo,Max,666721,87.5,Changeup,30.5,13.6
Floro,Dylan,571670,92.4,4-Seamer,17.6,10.4
Sandoval,Patrick,663776,78.6,Curveball,56.5,7.6
Diekman,Jake,518617,95.3,Sinker,22.5,17.8
Contreras,Roansy,672710,78.9,Curveball,56.7,8.9
Wendelken,J.B.,605525,95,4-Seamer,16,3.2
EdwardsJr.,Carl,605218,80.2,Curveball,52.7,7.9
Trivino,Lou,642152,81.9,Slider,40.2,16.8
Ohtani,Shohei,660271,77.7,Curveball,59.5,11.2
Castro,Miguel,612434,85.8,Slider,35.2,10.4
Abbott,Cory,676265,86.6,Slider,30.6,10.2
Brogdon,Connor,641401,95.1,4-Seamer,13.9,10.8
Foley,Jason,671345,85.5,Slider,35.9,6.6
Gore,MacKenzie,669022,80.8,Curveball,52.3,0.6
Manning,Matt,666159,83.7,Slider,29,8.2
Hernández,Carlos,672578,82.1,Curveball,45.1,3.1
Jansen,Kenley,445276,93.6,Sinker,11.8,4.6
Leone,Dominic,608678,91.4,Cutter,24.8,3.5
Mantiply,Joe,573009,82.6,Changeup,40.7,16.5
Akin,Keegan,669211,84.1,Changeup,30,16
Martínez,Adrián,661309,82,Slider,40.1,2.9
Kuhnel,Joel,669270,96.2,4-Seamer,17.1,7
Ortega,Oliver,661383,82.3,Curveball,48.5,6.3
Sampson,Adrian,592716,85.1,Changeup,31.7,15.9
Pilkington,Konnor,663455,84.4,Changeup,30.1,14.3
Blackburn,Paul,621112,86,Changeup,29.5,13.1
Peralta,Freddy,642547,75.8,Curveball,51.2,5.6
Plesac,Zach,668676,79.3,Curveball,52.8,1.9
Swanson,Erik,657024,83.5,Splitter,34.2,12
Heasley,Jonathan,669169,85.6,Slider,34,3.3
Darvish,Yu,506433,89.2,Splitter,29.4,6.2
Acevedo,Domingo,642758,86.8,Changeup,33.1,18
Marte,Yunior,628708,97.8,4-Seamer,14.5,12.2
Kaprielian,James,621076,85.2,Changeup,35.5,8.4
Liberatore,Matthew,669461,93.7,4-Seamer,14.7,6.9
Peterson,David,656849,93.2,Sinker,22.2,16.7
Milner,Hoby,571948,81.3,Changeup,39.8,17.1
Crowe,Wil,640444,95.1,4-Seamer,13.6,2.5
Syndergaard,Noah,592789,76.4,Curveball,47.8,11.3
Chacín,Jhoulys,468504,87,Slider,31.2,4.1
McCarty,Kirk,668948,92.5,4-Seamer,13.6,7.1
Falter,Bailey,663559,76.6,Curveball,53.4,7.6
UnderwoodJr.,Duane,621249,89.6,Changeup,27.8,14.8
Crawford,Kutter,676710,79.7,Curveball,57.5,9.2
Bello,Brayan,678394,85,Slider,39.7,4.2
Logue,Zach,656657,85.9,Cutter,29.1,1.5
Neris,Héctor,593576,94.5,Sinker,18.5,16.9
López,Jorge,605347,84.1,Curveball,50.8,9.2
Burnes,Corbin,669203,96.3,Sinker,17.3,11.6
Corbin,Patrick,571578,82.5,Changeup,30.4,12.7
Head,Louis,545343,93.6,4-Seamer,15.7,5.5
Cabrera,Génesis,650893,79.3,Curveball,53.8,9.1
Walker,Taijuan,592836,75,Curveball,60.5,7
Sanmartin,Reiver,665665,90.5,Sinker,28.9,17.5
Hill,Tim,657612,91.5,4-Seamer,28.3,17.4
Nance,Tommy,667297,94.2,Sinker,23.7,15.9
Pagán,Emilio,641941,85.8,Cutter,35.1,4.4
Velasquez,Vince,592826,81.5,Curveball,50.6,4.4
Crismatt,Nabil,622503,73.2,Curveball,65.2,13.4
Payamps,Joel,606303,94.3,Sinker,21.8,15.7
Knebel,Corey,608349,78.7,Curveball,62.5,10.3
Garcia,Luis,677651,79.6,Slider,45.2,15.2
Long,Sam,669674,84.3,Changeup,23.8,11
Houck,Tanner,656557,95.2,4-Seamer,20.9,10.4
Houser,Adrian,605288,81.1,Curveball,55.6,6.7
Hernández,Jonathan,642546,98,Sinker,21.2,18.8
Nelson,Kyle,669459,91.9,4-Seamer,17.4,3.9
Assad,Javier,665871,92.3,Sinker,20,14.2
Richards,Trevor,670950,85.1,Curveball,35.7,2
Javier,Cristian,664299,76.5,Curveball,56.4,13.2
Schmidt,Clarke,657376,94.9,Sinker,23.4,14.3
Wells,Tyler,669330,77.8,Curveball,51.1,12.1
Eovaldi,Nathan,543135,85.9,Slider,33.8,6.6
Montero,Rafael,606160,91.1,Changeup,27.5,16.9
Stratton,Chris,608717,86.7,Slider,35.1,6.6
Hill,Rich,448179,69.2,Slider,56.5,22.7
Whitlock,Garrett,676477,83.2,Slider,40.9,1.6
Jefferies,Daulton,641726,92.5,Sinker,19.6,16.6
Poche,Colin,621363,78.8,Curveball,48.7,17.7
Zimmermann,Bruce,669145,85.1,Slider,34.9,1.1
Moore,Matt,519043,85,Changeup,29.4,17
Cole,Gerrit,543037,92,Cutter,24.4,0.5
Gray,Sonny,543243,81.6,Slider,47.5,17.5
Abreu,Albert,656061,88.6,Slider,29.3,2.5
Peralta,Wily,503449,83.6,Slider,38.6,1.8
Banda,Anthony,607455,86.6,Changeup,31.6,14.6
Stanek,Ryne,592773,88.6,Splitter,31,12.3
Baker,Bryan,641329,84,Changeup,28,14.3
Stroman,Marcus,573186,92.4,4-Seamer,18.8,4.2
Sánchez,Aníbal,434671,89.9,4-Seamer,17.1,3.7
Jiménez,Dany,666204,93.9,4-Seamer,13.3,3.4
Kopech,Michael,656629,78.4,Curveball,51.9,8
Gilbreath,Lucas,656458,82.7,Slider,42.7,3.8
Hoffman,Jeff,656546,87.7,Changeup,28.1,14.4
Smeltzer,Devin,656970,75.2,Curveball,59,11.6
Lange,Alex,656638,89.7,Changeup,31.4,16.5
Scherzer,Max,453286,89.2,Cutter,26,0.3
Domínguez,Seranthony,622554,89.5,Slider,30.7,5.1
Stephens,Jackson,623451,94,Sinker,21.7,15.2
Barría,Jaime,642545,91.7,Sinker,17.1,11.4
Hoffman,Jeff,656546,81.2,Slider,46.3,10.9
Minter,A.J.,621345,87.6,Changeup,32.3,16.2
Strzelecki,Peter,657265,82.9,Slider,37.1,15.6
Silseth,Chase,681217,95.4,4-Seamer,14.1,7.3
Hutchison,Drew,571800,92.7,Sinker,17.3,11.2
Mills,Wyatt,670090,91.8,4-Seamer,24.9,13.9
Montas,Frankie,593423,89.5,Cutter,27.8,4
Ramirez,Yohan,670990,82.7,Slider,34.9,15.3
Ober,Bailey,641927,82.9,Slider,40.1,5.4
Martinez,Seth,661527,91.9,4-Seamer,19.1,10.3
Scherzer,Max,453286,75,Curveball,58.4,16.6
Hentges,Sam,656529,81.3,Curveball,55.5,6.3
Sandlin,Nick,680704,93.5,Sinker,28.8,15.8
Blackburn,Paul,621112,91.5,4-Seamer,16.2,5.5
Farmer,Buck,571656,88.7,Changeup,34.5,14
Hill,Garrett,682051,91.7,Sinker,17.5,12.9
Machado,Andres,600921,87.1,Slider,32.6,5.1
Suárez,Ranger,624133,76.5,Curveball,55.6,9.8
Gore,MacKenzie,669022,87.4,Slider,30.6,2.1
Long,Sam,669674,77,Curveball,62,2.1
Nola,Aaron,605400,86.8,Cutter,29.1,0.9
Sanchez,Aaron,592717,92.4,4-Seamer,18.2,11.2
Familia,Jeurys,544727,95.4,4-Seamer,16.4,10.2
Maton,Phil,664208,80.9,Slider,37.7,17.8
Woodford,Jake,663765,82.1,Slider,43.7,12.7
Sanmartin,Reiver,665665,90.9,4-Seamer,21.3,13.6
Wick,Rowan,592858,93.1,Cutter,16.9,2.5
Gilbert,Tyler,656457,86.2,Cutter,26,2.5
Naughton,Packy,676050,92.8,4-Seamer,17.2,7.1
Stripling,Ross,548389,76.1,Curveball,59,7.2
Castellanos,Humberto,528748,86.2,Slider,29.2,1.6
Chacín,Jhoulys,468504,79.8,Curveball,43.9,14.7
Wright,Kyle,657140,90.1,Slider,25.6,1
McCullersJr.,Lance,621121,85.1,Slider,33.5,13.2
Holmes,Clay,605280,86,Slider,39.2,11.1
Ferguson,Caleb,657571,78.3,Curveball,58.9,13.8
Gray,Jon,592351,88.7,Changeup,26,14.2
Pressly,Ryan,519151,81,Curveball,56.2,14.8
Musgrove,Joe,605397,92.4,Sinker,22.9,12.4
Hill,Garrett,682051,82.6,Slider,37.8,6.1
Peralta,Wily,503449,95.4,4-Seamer,13.7,7.1
Greinke,Zack,425844,82.2,Slider,34.4,8.1
Falter,Bailey,663559,83.5,Slider,35.5,4.4
Mills,Wyatt,670090,80.8,Slider,35.8,7
Raley,Brooks,548384,90.7,Sinker,29.4,16.4
Wainwright,Adam,425794,82.2,Changeup,32.4,14.3
McCullersJr.,Lance,621121,82.7,Curveball,50.6,13.6
Pepiot,Ryan,686752,86.8,Changeup,29.8,16.8
Floro,Dylan,571670,84.1,Slider,34.9,2
Abbott,Cory,676265,84.4,Curveball,43.9,0.9
Castro,Miguel,612434,97.9,Sinker,23.3,17.4
Bird,Jake,656234,91.4,Cutter,24.9,0.6
Givens,Mychal,571710,82,Changeup,43.6,9.2
Kirby,George,669923,85.5,Slider,38.1,10.1
Moreta,Dauri,664294,95.9,4-Seamer,11.9,8.2
Clevinger,Mike,605182,86.3,Changeup,26.6,14.3
Assad,Javier,665871,88.1,Cutter,28.2,3.6
McCullersJr.,Lance,621121,93.1,Sinker,26.1,13.4
Bello,Brayan,678394,97,4-Seamer,15.7,9.5
Eflin,Zach,621107,93.1,4-Seamer,17.6,10.4
Hernández,Jonathan,642546,87.3,Slider,35.2,5.2
Bañuelos,Manny,544365,81.7,Curveball,39.5,10.3
King,John,667463,80.7,Changeup,42,15.7
Cabrera,Edward,665795,86.8,Slider,33.8,4.4
Graterol,Brusdar,660813,95.6,Cutter,22.3,0.2
Williams,Trevor,592866,84.4,Changeup,33.6,13.9
Clarke,Taylor,664199,89,Changeup,29.5,14.1
Flexen,Chris,623167,80.9,Slider,43.5,8.4
Sears,JP,676664,82.7,Changeup,36.8,18.1
Anderson,Tyler,542881,89,Sinker,28,17.2
Weaver,Luke,596133,86.9,Changeup,30.7,14.6
Minor,Mike,501985,79.2,Curveball,55,7.1
Iglesias,Raisel,628452,94.8,Sinker,21,16.9
Alexander,Jason,669920,81.5,Changeup,38.3,17
Singer,Brady,663903,86.9,Changeup,24.3,14.5
Garcia,Yimi,554340,89.4,Slider,26.7,2.6
LeiterJr.,Mark,643410,73.2,Curveball,68.6,7.6
López,Jorge,605347,90,Changeup,30.8,15.8
Thompson,Zack,668868,75,Curveball,67.4,7.8
Gibson,Kyle,502043,79,Curveball,52.7,7.3
Otto,Glenn,657248,88.2,Changeup,25.9,14
Hutchison,Drew,571800,86.5,Changeup,26.9,13.3
Lorenzen,Michael,547179,90.4,Cutter,24.6,0
Musgrove,Joe,605397,86.5,Changeup,32.7,11.4
Davis,Austin,656354,86.3,Changeup,29.1,15.9
Banks,Tanner,621383,84.9,Changeup,31.7,10.6
Martinez,Seth,661527,79.6,Slider,35.7,12.7
Keuchel,Dallas,572971,85.2,Cutter,30,1.3
Hernández,Carlos,672578,85.7,Slider,34.9,3.1
Suarez,Robert,663158,97,Sinker,14.7,14
Eflin,Zach,621107,90,Cutter,22.2,0.8
Thompson,Zach,605507,85.7,Changeup,31.6,12.1
Williams,Trevor,592866,89,Sinker,30.9,15.6
Miley,Wade,489119,81.4,Changeup,34.6,16.1
Weems,Jordan,607179,88.2,Slider,32.7,6
Brogdon,Connor,641401,88.3,Cutter,23.2,3.2
Banda,Anthony,607455,95.2,4-Seamer,15,10.9
Bleier,Richard,542947,87.3,Cutter,29.6,0.9
Richards,Garrett,572070,94.4,4-Seamer,21.9,0.5
Burke,Brock,656271,88.1,Changeup,26.8,16.9
Buehler,Walker,621111,79.2,Curveball,57.7,11.5
Ort,Kaleb,672391,86,Slider,36.4,10.3
Lynn,Lance,458681,82,Curveball,42.2,10.4
Houser,Adrian,605288,85.4,Changeup,30.7,15
Phillips,Evan,623465,96,4-Seamer,15.6,5.3
Eovaldi,Nathan,543135,90.6,Cutter,22.2,1.4
Keller,Mitch,656605,91.2,Changeup,28.1,14.8
Bassitt,Chris,605135,85.4,Changeup,30.9,16.2
Garcia,Yimi,554340,82.4,Curveball,42.8,11.4
Lodolo,Nick,666157,88.3,Changeup,32.9,17.9
King,Michael,650633,96.4,4-Seamer,12.8,7.1
Trivino,Lou,642152,95.6,4-Seamer,16,9.2
Alexander,Tyler,641302,77.7,Slider,45,13.4
Swanson,Erik,657024,84.9,Slider,31.6,5.9
Gray,Sonny,543243,83.4,Cutter,44.8,7.5
Newcomb,Sean,656794,88.3,Cutter,30.4,3.5
GarzaJr.,Ralph,621248,87.8,Sinker,36.5,16.2
Rodón,Carlos,607074,79.8,Curveball,55.5,6.4
Peters,Dillon,596071,92.5,Sinker,19.3,13.4
Kuhl,Chad,641771,87.9,Changeup,29,13.9
Ryan,Joe,657746,74.9,Curveball,56.5,10.6
Bradish,Kyle,680694,89.9,Changeup,24.3,12.2
Leclerc,José,600917,89.7,Changeup,23,13.5
Schmidt,Clarke,657376,83.5,Curveball,48.8,15
Matz,Steven,571927,78,Curveball,54.6,14.9
Suarez,Robert,663158,89.3,Changeup,26.7,16.2
Gott,Trevor,641627,95.1,Sinker,21.8,16.5
Chapman,Aroldis,547973,85.7,Slider,33.1,10.7
Kirby,George,669923,86,Changeup,33.5,15.3
Flaherty,Jack,656427,83.8,Slider,37.6,7.4
Baumann,Mike,657508,91.5,Slider,25.5,2.1
Stanek,Ryne,592773,87.1,Slider,38,2.3
Walker,Taijuan,592836,88.6,Cutter,23,1.5
Raley,Brooks,548384,85.5,Changeup,36.4,17
Matzek,Tyler,554431,83.2,Slider,46.9,6.4
Williams,Trevor,592866,83.2,Slider,37.1,5.6
Bañuelos,Manny,544365,85.8,Slider,34,5.2
Beede,Tyler,595881,88,Slider,32.7,1.5
Duran,Jhoan,661395,96.4,Splitter,26.2,12.9
Castano,Daniel,641447,81.2,Slider,42,7.4
Oller,Adam,670124,86.5,Changeup,29.4,14.5
Raley,Brooks,548384,88,Cutter,27.9,3.5
Logue,Zach,656657,77.5,Curveball,42.4,10.4
Morgan,Eli,669212,85.7,Slider,32.3,1.4
Pallante,Andre,669467,94.8,Sinker,17.9,12.7
Elder,Bryce,693821,90.5,Cutter,19.3,1.6
Strahm,Matt,621381,88.6,Slider,27.9,2.4
Kremer,Dean,665152,91.7,Sinker,20.6,16.2
Hendricks,Kyle,543294,72.7,Curveball,67.5,13.7
Fulmer,Michael,605242,94.2,4-Seamer,15,4
Brazoban,Huascar,623211,89,Changeup,31,15.8
Castellanos,Humberto,528748,76.5,Curveball,54,11.7
Megill,Tylor,656731,85.2,Slider,38.7,4.2
Feltner,Ryan,663372,77.9,Curveball,54.6,8.2
Winder,Josh,680739,88.9,Changeup,24.2,12.4
Wesneski,Hayden,669713,81.2,Slider,40.3,18.1
Jax,Griffin,643377,89.8,Changeup,28.2,14.2
Pruitt,Austin,643493,80.9,Curveball,52.4,8
Gibaut,Ian,664139,92.4,Cutter,22.4,4.1
Pineda,Michael,501381,80.7,Slider,41.2,0.6
Machado,Andres,600921,88.9,Changeup,29.4,11.7
Watkins,Spenser,657093,76.8,Curveball,60.7,5.7
Steele,Justin,657006,91.6,Sinker,20.6,9.4
Stammen,Craig,489334,87.8,Cutter,27.6,1.4
Chavez,Jesse,445926,85.5,Changeup,35.7,15.8
Barría,Jaime,642545,85,Changeup,27.9,13.8
Loáisiga,Jonathan,642528,86.9,Curveball,32.8,9.3
Winckowski,Josh,670174,93.7,4-Seamer,16.2,2.8
Hearn,Taylor,621368,87.6,Changeup,26.1,10.4
Moreta,Dauri,664294,96,Sinker,12.7,11.9
Henry,Tommy,674072,85.7,Slider,31.3,1.4
Stripling,Ross,548389,89.9,Sinker,19.4,12.1
Peters,Dillon,596071,84.8,Changeup,28.1,12.6
Bundy,Dylan,605164,89.7,Sinker,17,12.1
Estévez,Carlos,608032,87.3,Slider,35.1,5.1
Peralta,Wily,503449,95.5,Sinker,15.7,11.9
Sandlin,Nick,680704,93.6,4-Seamer,20.2,11.3
Liberatore,Matthew,669461,74.3,Curveball,67.2,11.6
Barlow,Joe,669618,94.6,4-Seamer,11.4,6.1
Rucker,Michael,621074,80.6,Curveball,52,15.6
Gutierrez,Vladimir,661269,82.2,Slider,40.6,12.8
Price,David,456034,92.4,Sinker,22.2,15.1
Rainey,Tanner,663432,88.4,Slider,33.5,3.6
Hentges,Sam,656529,88,Slider,33.2,3.5
Woodford,Jake,663765,92.4,4-Seamer,18.4,5.5
Gibaut,Ian,664139,84.2,Slider,37.2,13.1
Bañuelos,Manny,544365,93.4,Sinker,23.6,16.1
Puk,A.J.,640462,96.1,Sinker,24,17.8
Garrett,Braxton,666129,78.7,Curveball,53.2,11.4
Suarez,José,660761,91.7,Sinker,22.6,15.2
Tepera,Ryan,572193,92.9,Sinker,19.9,16.2
Trivino,Lou,642152,92.3,Cutter,25.2,2
Peters,Dillon,596071,92.9,4-Seamer,15.1,4.8
Estévez,Carlos,608032,88.4,Changeup,28.4,10.6
Hernandez,Elieser,622694,84.6,Changeup,29.4,16.5
Bañuelos,Manny,544365,93.7,4-Seamer,17.8,11.5
Schmidt,Clarke,657376,94.7,4-Seamer,16.6,4.9
Brazoban,Huascar,623211,97.3,4-Seamer,14.2,10.3
Moreta,Dauri,664294,85.7,Slider,35.8,3.7
Hand,Brad,543272,92.4,Sinker,21.8,17.1
Assad,Javier,665871,92.9,4-Seamer,15.2,6.9
Lugo,Seth,607625,88.9,Slider,27.7,2.7
Garcia,Yimi,554340,93.8,Sinker,25.2,17.7
Zimmermann,Bruce,669145,81,Curveball,48.9,1.5
Bush,Matt,456713,92.9,Cutter,22.2,2.2
Wacha,Michael,608379,74.7,Curveball,58.8,10.3
Megill,Tylor,656731,89.1,Changeup,27.4,15.3
Koenig,Jared,657649,77.6,Curveball,54,10
Peralta,Wily,503449,82.6,Splitter,31.9,11.3
Pérez,Cionel,672335,96.5,Sinker,20.4,15.1
Naughton,Packy,676050,84.4,Changeup,32.1,14.1
Bednar,David,670280,89.8,Splitter,28.8,4.5
Graveman,Kendall,608665,90.7,Changeup,28.2,14
Brubaker,JT,664141,92.7,4-Seamer,16.2,9.3
Peralta,Freddy,642547,85.9,Changeup,33.4,14.7
Phelps,David,475479,93.2,Sinker,18.1,15.5
Garrett,Braxton,666129,85.9,Changeup,33.5,16.9
Pineda,Michael,501381,85.3,Changeup,29.1,15
Kuhnel,Joel,669270,90.2,Changeup,28.6,11.6
Anderson,Chase,502624,82.9,Changeup,26,16.6
Logue,Zach,656657,82,Changeup,40.6,15.2
Civale,Aaron,650644,90.7,4-Seamer,16,2.1
Fulmer,Michael,605242,94.5,Sinker,20.2,15
Sands,Cole,663485,78.6,Curveball,48.8,18.1
Luetge,Lucas,476595,73.5,Curveball,66.4,10.3
Oller,Adam,670124,80.5,Curveball,49.5,5
Nance,Tommy,667297,86.9,Slider,39.3,2.7
Wantz,Andrew,681806,87.9,Cutter,31.7,6.2
Silseth,Chase,681217,86.3,Splitter,31.5,11
Williams,Trevor,592866,78.6,Curveball,42,11
Martin,Brett,656685,86.8,Slider,33.2,2.6
Winder,Josh,680739,81,Curveball,51.3,1.8
Marinaccio,Ron,676760,80.4,Slider,36.8,14.4
Cabrera,Edward,665795,95.8,Sinker,17.2,15.5
Davies,Zach,605200,87.6,Cutter,22.4,4.8
Pepiot,Ryan,686752,86.7,Slider,32.4,7
UnderwoodJr.,Duane,621249,82.7,Curveball,51.2,7.4
Sánchez,Cristopher,650911,84.4,Changeup,37.3,17
Montero,Rafael,606160,87.9,Slider,32.6,6
Liberatore,Matthew,669461,92.8,Sinker,18.7,13.1
Ober,Bailey,641927,84.3,Changeup,30.7,16.4
Blach,Ty,621389,80.7,Changeup,39.7,15.7
Germán,Domingo,593334,92.7,Sinker,22.8,17.5
McCullersJr.,Lance,621121,87,Changeup,38,17.3
Jansen,Kenley,445276,81.2,Slider,47.4,4.6
Santana,Dennis,642701,89.9,Changeup,25.7,17.2
Davies,Zach,605200,74.7,Curveball,62.3,10.7
Odorizzi,Jake,543606,82.6,Slider,36.6,6.5
Castillo,Max,666721,83.4,Slider,36,3.2
Ottavino,Adam,493603,94.8,4-Seamer,16.6,8.2
Strahm,Matt,621381,82.7,Curveball,40.6,6.2
Cabrera,Génesis,650893,90.2,Changeup,23.2,14.9
Graterol,Brusdar,660813,90.6,Slider,32.1,5.4
Payamps,Joel,606303,88.9,Changeup,30.8,16.6
Floro,Dylan,571670,85.2,Changeup,35.7,17
Cabrera,Génesis,650893,95.9,Sinker,15.6,14.6
Gilbert,Tyler,656457,89.5,4-Seamer,18.9,7
Anderson,Chase,502624,91.9,4-Seamer,14.7,6.8
Peralta,Wandy,593974,87.6,Slider,31.3,1.9
Finnegan,Kyle,640448,89,Slider,26.7,2.9
Faedo,Alex,656412,86.2,Changeup,25.8,15.8
Wesneski,Hayden,669713,93.1,4-Seamer,18.6,6.3
Mayza,Tim,641835,88.6,Slider,30.6,0.5
Oller,Adam,670124,93.6,Sinker,17.1,15.1
Moreta,Dauri,664294,87.8,Changeup,21.3,12.5
Fleming,Josh,676596,82.2,Changeup,41.8,15
Sánchez,Cristopher,650911,84.8,Slider,38.1,1.8
Colomé,Alex,517008,94.5,4-Seamer,14.4,2.4
García,Luis,472610,88.8,Splitter,31,9
Lynch,Daniel,663738,81.1,Curveball,47,1.9
Jefferies,Daulton,641726,89.6,Cutter,23.4,2.8
López,Jorge,605347,87.4,Slider,34.5,7.7
Winckowski,Josh,670174,88.6,Cutter,29.4,3.9
Pop,Zach,647315,85,Slider,38.6,7.9
Waldichuk,Ken,686610,81,Slider,43.3,17.8
Graveman,Kendall,608665,96.6,4-Seamer,13.9,9
Beede,Tyler,595881,79.1,Curveball,56.4,8.7
Familia,Jeurys,544727,88.7,Slider,28.1,0.6
Skubal,Tarik,669373,76.9,Curveball,55.3,6.4
Bautista,Félix,642585,85.2,Slider,39.1,5.3
Buehler,Walker,621111,83.5,Slider,37.2,13.9
Kaprielian,James,621076,94.4,Sinker,20.3,15.8
Rodriguez,Elvin,660730,82.9,Slider,39.9,2.9
Bleier,Richard,542947,77.7,Slider,48.3,8.8
Loup,Aaron,571901,80.3,Changeup,45.1,17.6
Wentz,Joey,666214,83.4,Cutter,34.7,1.7
Jefferies,Daulton,641726,86.1,Changeup,33.1,15
Brubaker,JT,664141,87.2,Changeup,29.6,15.2
Familia,Jeurys,544727,92.5,Splitter,28.1,16.3
White,Mitch,669952,94.2,Sinker,16.8,13.1
Ureña,José,570632,96.1,4-Seamer,16.9,9.9
Effross,Scott,664123,83,Changeup,48.6,14.3
GarzaJr.,Ralph,621248,77.5,Slider,37.5,13.8
Naughton,Packy,676050,80.9,Slider,42.2,3.5
Severino,Luis,622663,90.4,Cutter,28.9,4.9
Snell,Blake,605483,87.1,Changeup,26.1,13.7
Hill,Garrett,682051,82.2,Changeup,35,12.7
Winckowski,Josh,670174,89.9,Changeup,31.5,15.6
UnderwoodJr.,Duane,621249,95.9,4-Seamer,14.9,7.2
Ragans,Cole,666142,88.5,Cutter,27.5,0.9
Lambert,Jimmy,669424,85.4,Changeup,31.2,14.6
Oller,Adam,670124,84.3,Slider,43.2,4.8
Greene,Hunter,668881,90.1,Changeup,22,11.3
Sawamura,Hirokazu,617228,85.8,Slider,32.3,7
Senzatela,Antonio,622608,87,Changeup,27.8,8
Keller,Brad,641745,90,Changeup,25.1,10.1
Martinez,Seth,661527,90.9,Sinker,30.1,14.9
Banda,Anthony,607455,93,Sinker,22.8,17.6
Dunn,Justin,643290,83.4,Slider,40.8,6.5
Loáisiga,Jonathan,642528,89.9,Changeup,23.3,16.9
Vest,Will,676684,86.8,Changeup,32.6,15.5
Blach,Ty,621389,85,Cutter,33,0.1
Brasier,Ryan,518489,96.1,Sinker,18.7,15.7
Zimmermann,Bruce,669145,90.5,Sinker,23.3,14.4
Martin,Davis,663436,85.9,Changeup,28,14.9
Henry,Tommy,674072,80.6,Curveball,50.5,6.8
Bird,Jake,656234,81.7,Curveball,50,14.4
García,Rony,665621,92.5,Sinker,24.6,17
Mills,Wyatt,670090,91.3,Sinker,32.1,15
Dunn,Justin,643290,79.8,Curveball,43.3,14.8
Strahm,Matt,621381,94,Sinker,19.6,17.5
Velasquez,Vince,592826,88.1,Changeup,28.4,12.2
King,John,667463,78.9,Slider,50.8,13.3
Wesneski,Hayden,669713,92,Sinker,25.7,16.9
Megill,Trevor,656730,88.5,Slider,39.6,6.4
Martin,Davis,663436,79.7,Curveball,54.6,8.1
Wendelken,J.B.,605525,85.9,Slider,38.8,6.8
Smeltzer,Devin,656970,84.8,Cutter,29.3,2.3
Flaherty,Jack,656427,77.2,Curveball,56.6,13.6
Silseth,Chase,681217,83.7,Slider,45,7.3
Baumann,Mike,657508,84,Curveball,52.9,4.5
McGee,Jake,459429,85.2,Slider,31.6,1.1
Sanchez,Aaron,592717,87.8,Changeup,29.3,15.7
McFarland,T.J.,519008,81.8,Changeup,40.5,14.9
Naughton,Packy,676050,92.6,Sinker,21.1,15.3
LeiterJr.,Mark,643410,87.3,Cutter,29.9,3.1
Duffey,Tyler,608648,92.4,Sinker,24.5,14.2
Price,David,456034,87.9,Cutter,27.7,0
Snead,Kirby,669912,93.5,4-Seamer,18.5,14.2
Abreu,Bryan,650556,84.5,Curveball,46.2,11.3
Gutierrez,Vladimir,661269,82.9,Changeup,29.9,13.1
Oviedo,Johan,670912,78.4,Curveball,49.7,10.8
Hernández,Jonathan,642546,90.1,Changeup,28.1,19.4
Hill,Garrett,682051,77.1,Curveball,58.2,10
Sands,Cole,663485,84.9,Splitter,39.1,12.4
Elder,Bryce,693821,86,Changeup,32.8,11.7
Manning,Matt,666159,79.7,Curveball,54,8.9
Velasquez,Vince,592826,91.9,Sinker,18.5,12.3
Staumont,Josh,622251,97.1,Sinker,12.2,9
Gilbert,Tyler,656457,89.7,Sinker,22,14.1
Trivino,Lou,642152,87.4,Changeup,35.4,16.1
Ober,Bailey,641927,76.7,Curveball,57.2,9.5
Feltner,Ryan,663372,83.8,Changeup,33,5.3
Chapman,Aroldis,547973,88.1,Splitter,36.1,2.1
Thornton,Trent,663423,79.7,Curveball,59.4,8.4
Fleming,Josh,676596,84.3,Cutter,32.7,0.8
Koenig,Jared,657649,82.9,Cutter,35.5,4.2
Hernández,Carlos,672578,84.9,Splitter,28.7,9.5
Hendriks,Liam,521230,85.8,Curveball,47.6,3.2
Nance,Tommy,667297,93.8,4-Seamer,15.4,9.1
Helsley,Ryan,664854,80.7,Curveball,53.7,6.7
Harvey,Hunter,640451,89.4,Splitter,30.8,10.9
Kikuchi,Yusei,579328,91.1,Cutter,21.9,0.3
Senzatela,Antonio,622608,78.2,Curveball,50.8,5.9
Bass,Anthony,542914,95,4-Seamer,13.5,6.4
Danish,Tyler,641501,84.4,Changeup,39.5,14.6
García,Rony,665621,87.5,Changeup,26.9,12.1
GarzaJr.,Ralph,621248,83.1,Changeup,33.4,16.4
Castro,Miguel,612434,92.5,Changeup,31.5,17.6
EdwardsJr.,Carl,605218,90.6,Changeup,23.4,12.3
Thompson,Keegan,624522,92.8,Sinker,18.9,12.5
Finnegan,Kyle,640448,88.6,Splitter,31.4,9.2
Peterson,David,656849,78.5,Curveball,52.5,7.3
Archer,Chris,502042,81.7,Curveball,46.6,5
Littell,Zack,641793,85.6,Splitter,33.8,7.3
Keuchel,Dallas,572971,77,Slider,45.3,9.8
DeLosSantos,Enyel,660853,87.4,Changeup,26.3,15.4
Crawford,Kutter,676710,86.6,Changeup,25.9,10.9
Phillips,Evan,623465,96.2,Sinker,21.1,15.1
Brieske,Beau,689225,93.6,Sinker,17.1,13.3
Effross,Scott,664123,90.8,4-Seamer,29.6,17.3
Peters,Dillon,596071,77.3,Curveball,56.6,11.7
Kennedy,Ian,453178,85.7,Changeup,29,8.4
Stephens,Jackson,623451,85.9,Changeup,35.2,8.2
Smith,Will,519293,76.9,Curveball,54.6,8.9
Gutierrez,Vladimir,661269,78.4,Curveball,52.2,15.1
Anderson,Chase,502624,90.2,Cutter,18,0.9
Sampson,Adrian,592716,84.9,Cutter,37.7,3.3
Stammen,Craig,489334,81.5,Slider,43.5,10.9
Phelps,David,475479,86.5,Changeup,28.3,18
Abreu,Albert,656061,97.6,4-Seamer,12.9,10.6
Koenig,Jared,657649,82.8,Changeup,32.6,13.2
Foley,Jason,671345,96.1,4-Seamer,16.7,13
Waldichuk,Ken,686610,82.4,Changeup,36.2,15.4
Jefferies,Daulton,641726,80.2,Curveball,44.7,5.1
Strzelecki,Peter,657265,83.3,Changeup,40.5,16.4
Adon,Joan,672851,87.4,Changeup,28.5,16.1
Pilkington,Konnor,663455,81.9,Slider,41.1,1.9
Ramirez,Erasmo,541640,80.6,Curveball,46.7,7.2
Buehler,Walker,621111,90.5,Changeup,28.3,13.7
Shaw,Bryan,543766,82.7,Curveball,52.9,6.8
Martin,Chris,455119,88.4,Splitter,31.7,12.4
Norris,Daniel,596057,90.9,Sinker,22.7,15.7
Miley,Wade,489119,89.1,4-Seamer,16.7,3.3
Hernandez,Elieser,622694,92,Sinker,18.6,13.6
Strickland,Hunter,519326,94.3,Sinker,20.6,12.7
Murfee,Penn,682171,88.9,Sinker,33.1,10.7
Gott,Trevor,641627,82.7,Curveball,49.9,10
Wendelken,J.B.,605525,85.5,Changeup,32.6,15.4
Tepera,Ryan,572193,85.8,Changeup,32.2,11.1
Castellanos,Humberto,528748,84,Changeup,35.8,15.2
López,Reynaldo,625643,80.4,Curveball,50.4,9.4
Crawford,Kutter,676710,85.2,Slider,37.7,5.1
deGrom,Jacob,594798,92,Changeup,26.1,13.2
Cotton,Jharel,605194,79.5,Slider,46.3,12.7
Davidson,Tucker,656353,78.4,Curveball,53.4,8
Stratton,Chris,608717,86.8,Changeup,32.4,11.6
Martin,Brett,656685,93.5,4-Seamer,17.2,5.4
Martin,Chris,455119,94.6,Sinker,19.7,14.3
Garcia,Yimi,554340,87.2,Changeup,32.4,18.3
Sánchez,Aníbal,434671,83.2,Slider,34.6,5.1
Schreiber,John,670167,88.5,Changeup,37.6,15.6
Howard,Spencer,675921,75,Curveball,66.1,6.2
Foster,Matt,641582,83.9,Changeup,25.8,11.9
Manning,Matt,666159,86.2,Changeup,29.5,11.7
Ottavino,Adam,493603,89.1,Changeup,33.3,16.5
Pilkington,Konnor,663455,77,Curveball,57.3,6.3
Wentz,Joey,666214,84.1,Changeup,27,15
Keuchel,Dallas,572971,87.9,4-Seamer,21.6,3.5
Henry,Tommy,674072,84.7,Changeup,34.1,14.3
Quijada,José,650671,86.9,Changeup,31.3,16.3
Manning,Matt,666159,92.8,Sinker,17.3,9.8
Ramirez,Yohan,670990,93.8,4-Seamer,19,9.2
Smeltzer,Devin,656970,77.1,Slider,44.9,15.7
Herget,Jimmy,623474,84.3,Changeup,41.5,8.4
Gibaut,Ian,664139,85.9,Changeup,29.4,14.9
McFarland,T.J.,519008,79.5,Slider,46.4,4.8
Castellanos,Humberto,528748,89.4,4-Seamer,22.6,6.5
Morejon,Adrian,670970,87.6,Slider,37.2,5.3
Mayers,Mike,594577,88.3,Cutter,27.5,1.8
King,Michael,650633,88.3,Changeup,27.4,17.8
Rucker,Michael,621074,90,Changeup,29.5,14.6
Martinez,Seth,661527,86.5,Changeup,37.2,15.2
Gilbert,Tyler,656457,81.7,Splitter,30.5,11.6
Castano,Daniel,641447,84,Changeup,29.8,12.6
Eflin,Zach,621107,87,Changeup,27.8,13.8
Liberatore,Matthew,669461,85.9,Changeup,28.2,12.8
Fleming,Josh,676596,79.5,Curveball,48,12.5
Jefferies,Daulton,641726,92.4,4-Seamer,17.2,10.8
Santana,Dennis,642701,97.7,4-Seamer,13.9,12.8
Bañuelos,Manny,544365,83.1,Changeup,34.5,15.7
Graterol,Brusdar,660813,99.4,4-Seamer,14.4,8.3
Liberatore,Matthew,669461,86,Slider,34.9,4
Abreu,Albert,656061,88,Changeup,26.6,16.6
Koenig,Jared,657649,89.4,4-Seamer,21.1,4.2
Maton,Phil,664208,90.2,Sinker,24.7,15.2
Thompson,Ryan,657044,91.6,4-Seamer,26.8,13.5
Strahm,Matt,621381,88.2,Changeup,27.8,18.4
Chacín,Jhoulys,468504,92.6,4-Seamer,18.4,3.1
Peters,Dillon,596071,84.7,Slider,38.8,3.8
Castano,Daniel,641447,92,4-Seamer,19.5,5.3
Morejon,Adrian,670970,80.1,Curveball,51.2,10.2
Suarez,Robert,663158,93.6,Cutter,20.6,0.8
Rodriguez,Elvin,660730,86.6,Changeup,25.5,14.9
Armstrong,Shawn,542888,86.1,Slider,38.9,10.1
Bellatti,Andrew,571479,89.5,Changeup,27.2,16.3
Sánchez,Aníbal,434671,75.4,Curveball,51.1,3
Weaver,Luke,596133,84.6,Slider,41.2,4.9
Weems,Jordan,607179,87.3,Changeup,29.5,10
Hill,Tim,657612,82.4,Slider,36.5,1.6
Mayers,Mike,594577,86.7,Changeup,30.1,15.7
Lambert,Jimmy,669424,76.8,Curveball,65.4,5.9
Gore,MacKenzie,669022,84.8,Changeup,24.9,13.1
Assad,Javier,665871,81.2,Slider,37.7,10.8
Neris,Héctor,593576,87.6,Slider,29.9,1.7
Wendelken,J.B.,605525,94.4,Sinker,21.8,16.3
Foley,Jason,671345,89.5,Changeup,31.7,14.8
Arano,Víctor,644364,94.5,4-Seamer,14.8,8.5
GarzaJr.,Ralph,621248,91.2,4-Seamer,16.1,7.7
Price,David,456034,83.9,Changeup,33.2,14.6
Gilbert,Tyler,656457,76.2,Curveball,60.3,6.6
Sulser,Cole,642121,84,Slider,31.9,6.7
Wisler,Matt,605538,89.7,4-Seamer,17.1,10.1
Fulmer,Michael,605242,86.5,Changeup,32.5,13.3
Shaw,Bryan,543766,92.4,Sinker,24,8.7
Heaney,Andrew,571760,85,Changeup,31.6,16.7
Moronta,Reyes,606625,89,Changeup,29,17
Crismatt,Nabil,622503,90,Sinker,25.5,15.8
Brazoban,Huascar,623211,96.7,Sinker,20.2,17
King,John,667463,86.7,Cutter,32.8,0.5
Wesneski,Hayden,669713,88.7,Cutter,29.1,4.1
Suter,Brent,608718,87.4,Sinker,23.3,10.3
Kelly,Joe,523260,87.1,Changeup,30.1,17.1
Wick,Rowan,592858,82.2,Slider,37.5,11.8
Stammen,Craig,489334,79.6,Curveball,53.5,8
McCullersJr.,Lance,621121,88.3,Cutter,29.8,3.8
Woodford,Jake,663765,75.3,Curveball,66.2,10.7
Shaw,Bryan,543766,84.3,Slider,39.1,9.8
McCarty,Kirk,668948,77.1,Curveball,54.5,9.1
Blach,Ty,621389,79.2,Curveball,49.9,4.5
Rodríguez,Joely,570257,92.8,4-Seamer,20.2,12
Sandlin,Nick,680704,88.3,Splitter,36.2,11.7
Anderson,Chase,502624,92.5,Sinker,16.5,11.9
LeiterJr.,Mark,643410,79.4,Slider,43.1,13.5
Houck,Tanner,656557,87.6,Splitter,34.1,14.8
Rodriguez,Elvin,660730,78.5,Curveball,50.9,8.9
Ottavino,Adam,493603,87.8,Cutter,29.4,3.4
Snead,Kirby,669912,87.6,Changeup,35.9,18.6
Oviedo,Johan,670912,88.8,Changeup,28.7,15.4
Bleier,Richard,542947,82.9,Changeup,35.1,15.9
Foster,Matt,641582,79.6,Curveball,53.3,2.4
Wentz,Joey,666214,75.4,Curveball,58.8,8.6
Jiménez,Joe,641729,90.7,Changeup,24.3,16.3
GarzaJr.,Ralph,621248,89.4,Cutter,19.3,1.1
Lee,Dylan,669276,86.3,Changeup,26.4,11
Rodríguez,Joely,570257,83.9,Slider,40,5.2
Danish,Tyler,641501,91.2,4-Seamer,24.9,13.2
Banda,Anthony,607455,81.1,Curveball,48.8,7
Newcomb,Sean,656794,78.9,Curveball,59.9,10
Hill,Tim,657612,88.9,Cutter,29.2,8
Kennedy,Ian,453178,79.6,Curveball,50.5,8.3
Barnes,Matt,598264,87.2,Changeup,27.8,18.1
Wilson,Steven,621051,85.1,Changeup,28.7,16.2
Smith,Drew,622098,77.8,Curveball,56.2,15.1
Banks,Tanner,621383,82.1,Curveball,36.1,12.9
Davidson,Tucker,656353,93,Sinker,15.1,8.6
Barlow,Joe,669618,81.3,Curveball,50.2,1.8
Thompson,Zack,668868,87.7,Changeup,26.1,12.3
deGrom,Jacob,594798,83.4,Curveball,41.6,7.3
Leclerc,José,600917,89.2,Cutter,30.8,5.1
Waldichuk,Ken,686610,75.2,Curveball,58.3,15.5
Castillo,Diego,650895,95.7,4-Seamer,18.9,11.9
Assad,Javier,665871,85.4,Changeup,29.6,14.2
Wantz,Andrew,681806,86.9,Changeup,32.2,10.8
Sands,Cole,663485,84.3,Cutter,35,2.9
Bleier,Richard,542947,90.7,4-Seamer,21.2,7.1
Harvey,Hunter,640451,82.8,Curveball,52,8.1
Ragans,Cole,666142,76.3,Curveball,62.3,11.2
Pruitt,Austin,643493,86.2,Changeup,29.2,13.9
McCarty,Kirk,668948,84.7,Changeup,25,12.5
Smith,Drew,622098,85.2,Changeup,24.6,14.2
Anderson,Chase,502624,83.6,Slider,33.2,8.1
Flaherty,Jack,656427,91,Sinker,24.9,11.5
Anderson,Chase,502624,77.8,Curveball,61.8,6.1
Wesneski,Hayden,669713,87,Changeup,32.4,15.3
Miley,Wade,489119,78.7,Slider,40,11.1
Ort,Kaleb,672391,89.8,Changeup,28.2,15.8
Castano,Daniel,641447,89.4,Sinker,27.3,10.7
Thompson,Zack,668868,88.1,Cutter,29.5,0.8
Chapman,Aroldis,547973,100.2,Sinker,11.6,12.6
Silseth,Chase,681217,94.3,Sinker,20.5,14.7
